STATION;DATE;DP01;DP10;DP1X;DSND;EMNT;EMXP;EMXT;PRCP;TAVG;TMAX;TMIN
USW00013958;1938-06;9;4;1;0;17,8;40,6;35;76,9;27,5;33,3;21,7
USW00013958;1938-07;8;3;1;0;20;30,5;37,2;50,8;28,9;35,1;22,6
USW00013958;1938-08;4;2;0;0;21,1;15,2;38,3;23,6;29,1;35,7;22,4
USW00013958;1938-09;8;7;0;0;11,7;23,1;35,6;60,6;26;33;19
USW00013958;1938-10;5;3;0;0;3,9;3,8;38,9;11,2;22,8;30,6;15,1
USW00013958;1938-11;3;3;0;0;-5,6;16,3;30,6;22,1;13,5;20,8;6,2
USW00013958;1938-12;7;4;1;0;-3,9;29,2;26,7;42,8;11,6;17,9;5,3
USW00013958;1939-01;13;7;0;0;-1,7;24,6;23,3;70,4;11,3;17,4;5,1
USW00013958;1939-02;8;4;0;0;-3,9;14,2;28,9;28,6;11,1;18,9;3,3
USW00013958;1939-03;3;3;0;0;1,7;8,4;33,3;17;17,2;24,3;10,1
USW00013958;1939-04;3;2;1;0;1,1;43,2;36,7;57,5;20,1;27,7;12,6
USW00013958;1939-05;4;4;0;0;13,9;14,2;37,2;34,3;25,2;31,8;18,6
USW00013958;1939-06;6;5;0;0;18,3;8,9;38,3;27,6;27,9;34,4;21,4
USW00013958;1939-07;8;5;2;0;19,4;52,1;42,2;139,2;29,3;36;22,5
USW00013958;1939-08;6;6;1;0;18,9;43,7;38,3;77,5;28,2;34,8;21,6
USW00013958;1939-09;5;3;0;0;13,3;7,9;38,9;25,4;27,1;34,3;19,9
USW00013958;1939-10;8;3;1;0;3,3;31,5;34,4;44,9;22,1;29,1;15,2
USW00013958;1939-11;8;4;1;0;1,7;36,1;27,8;57,5;13,3;19;7,5
USW00013958;1939-12;3;2;0;0;-4,4;9,9;27,8;19,8;12,5;20;4,9
USW00013958;1940-01;5;2;0;2;-12,2;12,2;24,4;18,6;4,1;10,5;-2,3
USW00013958;1940-02;8;7;2;0;-3,3;32,3;32,2;94;11;17,7;4,3
USW00013958;1940-03;6;5;0;0;-1,7;7,9;30;31;15,9;22,8;8,9
USW00013958;1940-04;10;6;2;0;-0,6;71,6;32,8;148,7;18,5;25,3;11,8
USW00013958;1940-05;8;3;0;0;10;14,5;35;26,7;23;30;16
USW00013958;1940-06;13;12;2;0;14,4;76,2;35,6;195,3;25,4;31,3;19,4
USW00013958;1940-07;6;4;0;0;17,8;9,9;37,2;31;27,5;33,6;21,5
USW00013958;1940-08;2;2;0;0;15,6;18,8;38,9;32,5;28,4;35,2;21,6
USW00013958;1940-09;3;3;1;0;9,4;52,6;38,3;63,8;24,9;32;17,9
USW00013958;1940-10;10;7;1;0;6,7;39,6;33,3;79,1;21,3;28,4;14,2
USW00013958;1940-11;11;9;1;0;-3,9;40,6;26,1;130,4;13,7;19,1;8,4
USW00013958;1940-12;13;6;2;0;-1,1;50;22,2;138,7;11,9;16,9;6,8
USW00013958;1941-01;5;2;0;0;-3,3;19,6;25,6;39,4;11,7;17,1;6,4
USW00013958;1941-02;9;7;1;0;-1,1;34;23,3;76,2;10,1;15,1;5,2
USW00013958;1941-03;9;5;2;0;0,6;46,2;28,9;115,6;12,5;18,1;6,8
USW00013958;1941-04;16;10;1;0;7,8;31,2;30;135,5;19,2;23,9;14,5
USW00013958;1941-05;10;6;1;0;13,3;35,6;32,8;88,8;24;29,1;18,8
USW00013958;1941-06;9;7;6;0;17,8;81,3;33,9;282,2;26,4;31,4;21,4
USW00013958;1941-07;4;4;2;0;19,4;43,9;36,1;105,9;28,1;33,8;22,4
USW00013958;1941-08;2;0;0;0;20;1,3;37,8;1,8;29,2;35,7;22,7
USW00013958;1941-09;7;3;1;0;15,6;26,2;37,8;47,9;27,3;33,3;21,3
USW00013958;1941-10;17;7;2;0;6,1;60,2;32,2;171,5;23,4;28,1;18,6
USW00013958;1941-11;5;3;0;0;-2,2;12,2;28,3;29,3;14,1;21;7,2
USW00013958;1941-12;9;6;1;0;0;28,2;27,2;59,4;12;17,3;6,7
USW00013958;1942-01;1;0;0;0;-7,8;0,3;27,8;0,3;9;15,9;2,1
USW00013958;1942-02;10;5;0;0;-3,9;12,4;25;36,5;10,9;16,3;5,5
USW00013958;1942-03;5;1;0;0;0;9,9;32,2;13,2;15,4;22,9;7,8
USW00013958;1942-04;11;6;2;0;6,1;57,4;28,9;131,9;19,6;25;14,1
USW00013958;1942-05;6;4;1;0;10;32,3;33,9;64;23,2;28,4;18
USW00013958;1942-06;7;3;0;0;17,8;12,4;38,3;29,4;27,9;34,4;21,3
USW00013958;1942-07;5;4;1;0;16,7;40,1;36,7;62,4;27,6;33,5;21,7
USW00013958;1942-08;6;5;0;0;20;19,1;36,7;55;28,2;33,8;22,6
USW00013958;1942-09;7;7;3;0;5;66;33,9;205,8;23,7;29,3;18
USW00013958;1942-10;10;5;2;0;7,2;54,6;30,6;130,8;20;25,7;14,3
USW00013958;1942-11;4;2;1;0;0,6;30,7;29,4;50,3;17,1;23,2;11,1
USW00013958;1942-12;7;2;1;0;-1,1;30,7;26,7;38,8;11,9;18,5;5,4
USW00013958;1943-01;5;2;0;0;-10,6;9,7;28,9;20,4;9,7;16;3,3
USW00013958;1943-02;3;2;0;0;-0,6;7,4;27,8;11,5;14,3;21,1;7,4
USW00013958;1943-03;3;1;1;0;-7,8;64;28,9;64,6;13,3;19,7;6,8
USW00013958;1943-04;2;1;1;0;7,8;67,3;31,7;68,1;21,5;27,5;15,4
USW00013958;1943-05;9;8;1;0;12,2;52,1;33,3;136,6;24,5;30,4;18,5
USW00013958;1943-06;10;5;0;0;21,1;7,9;37,2;32,4;27,3;32,4;22,1
USW00013958;1943-07;8;3;2;0;20;55,1;38,9;99,4;28,8;34,4;23,1
USW00013958;1943-08;2;2;0;0;21,1;19,3;40;23,4;29,8;36,1;23,4
USW00013958;1943-09;10;8;2;0;12,8;27,2;36,7;84,2;24,7;30,4;18,9
USW00013958;1943-10;3;1;0;0;4,4;5,8;30;8,3;20,2;26,1;14,2
USW00013958;1943-11;5;5;0;0;0;20,6;28,9;43,9;13,7;20,2;7,2
USW00013958;1943-12;9;6;0;0;-6,7;10,7;27,8;36,2;9,6;15,1;4
USW00013958;1944-01;10;9;2;3;-7,2;53,3;23,9;137;9,1;14,3;3,9
USW00013958;1944-02;14;7;1;0;-3,3;37,8;26,7;98,8;13,2;17,6;8,9
USW00013958;1944-03;10;6;0;0;0;12,2;27,2;46,6;14,7;20,4;9,1
USW00013958;1944-04;3;1;0;0;5;6,9;31,7;8,5;19,7;26,1;13,4
USW00013958;1944-05;14;8;3;0;8,3;80,3;31,7;235,1;22,1;27,4;16,8
USW00013958;1944-06;8;4;1;0;18,3;33,8;34,4;51;27,3;32,4;22,1
USW00013958;1944-07;3;2;0;0;19,4;3,8;39,4;8,2;29,1;35,6;22,6
USW00013958;1944-08;8;5;2;0;18,3;43,9;38,3;113,5;29,1;34,9;23,3
USW00013958;1944-09;3;3;1;0;15;99,1;35,6;118,4;25,3;31,3;19,4
USW00013958;1944-10;4;2;0;0;5,6;4,8;32,8;8,9;20,7;28;13,4
USW00013958;1944-11;10;6;2;0;-0,6;47,8;28,9;115,6;15,4;20,8;10,1
USW00013958;1944-12;12;7;2;0;-2,2;87,9;22,8;150,2;8,9;14,1;3,8
USW00013958;1945-01;6;3;1;0;0;45;25;71,9;10,4;15,8;5,1
USW00013958;1945-02;12;7;1;0;0,6;29,7;27,2;100;12,7;18,1;7,3
USW00013958;1945-03;13;9;2;0;5;38,1;28,9;126,5;18,8;24,2;13,4
USW00013958;1945-04;8;5;2;0;2,2;33,8;30;104,6;18,9;24,4;13,3
USW00013958;1945-05;7;4;0;0;8,9;20,8;35,6;44,6;23,5;29,8;17,2
USW00013958;1945-06;7;6;2;0;17,8;52,6;36,1;144,5;27,4;32,9;22
USW00013958;1945-07;7;4;0;0;20;17,3;36,7;41;28,3;33,5;23,1
USW00013958;1945-08;5;5;1;0;20;101,6;40;146,8;28,7;34,6;22,8
USW00013958;1945-09;6;3;1;0;11,7;47,5;35,6;70,1;26;32,3;19,7
USW00013958;1945-10;8;4;1;0;3,3;37,8;31,7;76,2;19,4;25,7;13,2
USW00013958;1945-11;4;3;1;0;0;30,5;30;37,4;17,4;23,8;10,9
USW00013958;1945-12;7;5;1;0;-3,9;46,7;25,6;74,7;9,9;15,7;4,1
USW00013958;1946-01;10;7;0;0;-3,3;18,3;25;95,5;9,3;14,4;4,1
USW00013958;1946-02;10;5;1;0;-3,3;32;23,3;58,1;12,8;19,1;6,4
USW00013958;1946-03;7;4;1;0;0,6;41,7;35,6;70,4;16,8;23,6;10
USW00013958;1946-04;8;7;3;0;7,8;92,7;31,1;201,2;21;26,6;15,4
USW00013958;1946-05;15;7;2;0;12,2;65,8;33,3;155,8;23,6;28,6;18,7
USW00013958;1946-06;7;3;0;0;15;17,3;34,4;34,1;26,2;31,2;21,1
USW00013958;1946-07;3;2;0;0;21,1;18,3;37,8;37,6;28,8;35;22,6
USW00013958;1946-08;6;5;2;0;18,3;34,5;36,7;85,3;28,5;34,4;22,5
USW00013958;1946-09;12;8;3;0;16,7;63,8;33,9;152,4;24,9;28,9;20,9
USW00013958;1946-10;11;3;0;0;4,4;13,5;30;41,5;21,5;26,8;16,3
USW00013958;1946-11;12;9;2;0;3,9;101,1;29,4;201;15;20,2;9,9
USW00013958;1946-12;5;4;1;0;-5;37,8;25;68,8;12,7;18,4;7,1
USW00013958;1947-01;10;7;1;1;-9,4;30;27,2;92;8,9;13,8;4
USW00013958;1947-02;4;2;0;0;-4,4;6,6;26,1;10,9;8,3;14,5;2,2
USW00013958;1947-03;6;3;2;0;-2,8;34,5;29,4;83,3;12,6;18,7;6,5
USW00013958;1947-04;13;5;1;0;3,9;34,5;30;56,8;18,9;24,2;13,7
USW00013958;1947-05;10;5;1;0;11,1;35,8;35;90,3;23,4;29,1;17,6
USW00013958;1947-06;2;1;0;0;18,9;2,5;36,7;2,8;28,1;33,6;22,7
USW00013958;1947-07;4;3;1;0;18,3;27,4;37,8;55,3;28,9;35,4;22,4
USW00013958;1947-08;7;3;0;0;21,1;17,3;40;53,9;28,5;34,4;22,6
USW00013958;1947-09;2;0;0;0;11,7;1;37,2;1,8;26,5;33,1;20
USW00013958;1947-10;1;0;0;0;13,9;0,5;34,4;0,5;24,6;31,4;17,8
USW00013958;1947-11;11;4;0;0;1,7;17,3;32,8;52,7;13,5;19,8;7,3
USW00013958;1947-12;9;5;0;0;0;20,6;25,6;47,9;11,6;17,3;5,8
USW00013958;1948-01;9;2;0;0;-7,8;9,4;25,6;23,5;6,2;12,1;0,3
USW00013958;1948-02;14;8;0;0;-5;16,3;28,3;69;10,4;15,6;5,2
USW00013958;1948-03;10;4;0;0;-7,8;11,7;32,2;34,4;14,5;20,9;8,1
USW00013958;1948-04;4;3;1;0;6,1;30,5;33,3;42,7;22;29,4;14,7
USW00013958;1948-05;5;5;3;0;11,1;42,2;34,4;113,9;24,6;30,7;18,4
USW00013958;1948-06;5;2;1;0;15;25,4;38,3;31,8;28,8;35,1;22,5
USW00013958;1948-07;4;4;1;0;20;38,4;38,3;58,2;29,4;35,5;23,3
USW00013958;1948-08;3;1;0;0;21,1;3,8;39,4;6,8;29,9;36,8;22,9
USW00013958;1948-09;5;3;0;0;11,7;19,6;38,3;31,6;25,7;32;19,5
USW00013958;1948-10;4;2;1;0;4,4;29;35;45,3;21,1;28;14,1
USW00013958;1948-11;10;4;0;0;-3,3;13,5;31,1;34,2;14,6;21,4;7,7
USW00013958;1948-12;5;2;1;0;-1,7;36,3;28,9;42,4;13;19,5;6,5
USW00013958;1949-01;18;12;0;2;-18,9;16,5;27,8;101;7,3;12,6;2
USW00013958;1949-02;9;2;1;1;-8,3;49;25,6;59,7;12,9;18;7,9
USW00013958;1949-03;7;4;1;0;1,7;26,7;28,3;56,9;15,9;22,1;9,6
USW00013958;1949-04;15;11;2;0;4,4;64,3;30,6;175,5;17,5;23,1;11,9
USW00013958;1949-05;9;3;0;0;13,3;6,6;36,1;21,1;25,3;30,8;19,9
USW00013958;1949-06;9;6;2;0;17,2;32,8;36,1;89,5;27,2;33,2;21,3
USW00013958;1949-07;7;4;0;0;21,1;15,7;37,8;49,5;28,8;34,7;22,9
USW00013958;1949-08;7;5;1;0;17,8;30,7;38,3;60,2;28,1;34,7;21,4
USW00013958;1949-09;3;3;1;0;11,7;81,8;36,1;95,7;26,4;32,5;20,3
USW00013958;1949-10;9;4;2;0;4,4;49,3;32,2;111,3;20,9;26,4;15,4
USW00013958;1949-11;1;0;0;0;1,7;0,3;31,7;0,3;17;25,2;8,8
USW00013958;1949-12;15;11;1;0;-4,4;31;27,2;102,7;12,3;17,4;7,3
USW00013958;1950-01;15;3;0;0;-3,3;5,6;28,3;19,1;13,2;18;8,4
USW00013958;1950-02;12;7;1;0;-0,6;47,2;26,7;96,4;13,5;19,1;8
USW00013958;1950-03;4;1;0;0;-1,1;15,5;31,1;20,3;15;21,7;8,4
USW00013958;1950-04;9;5;3;0;4,4;60,5;30,6;192,8;18,9;24,2;13,6
USW00013958;1950-05;7;4;2;0;14,4;47,2;33,9;106,4;24,5;29,7;19,4
USW00013958;1950-06;5;4;1;0;16,1;26,2;36,7;50,3;26,8;32,1;21,5
USW00013958;1950-07;5;3;0;0;19,4;6,4;37,2;18,6;28,8;34,6;23
USW00013958;1950-08;4;1;0;0;18,9;11,7;37,8;15;28,6;35,1;21,9
USW00013958;1950-09;8;5;2;0;16,1;51,8;37,2;121,2;25,9;31,6;20,1
USW00013958;1950-10;1;1;0;0;11,7;15;33,3;15;23,1;30,4;15,8
USW00013958;1950-11;2;0;0;0;-4,4;0,5;31,1;0,8;15,5;22,9;8,1
USW00013958;1950-12;0;0;0;0;-8,9;0;28,3;0;11,5;19;4
USW00013958;1951-01;6;2;0;1;-8,9;5,3;28,3;13;10,4;17,8;3,1
USW00013958;1951-02;9;6;2;1;-13,9;27,9;28,3;75,2;12,4;19;5,8
USW00013958;1951-03;6;4;1;0;-1,1;58,2;31,7;94,8;16,6;23,3;9,8
USW00013958;1951-04;6;4;0;0;3,3;8,9;36,7;26,4;19,7;26,6;12,8
USW00013958;1951-05;10;7;0;0;10,6;23,9;35;89,3;23,8;29,8;17,8
USW00013958;1951-06;4;2;2;0;17,8;97;35,6;157,2;27,7;32,9;22,5
USW00013958;1951-07;2;1;0;0;22,8;4,3;40,6;4,8;30,4;36,6;24,2
USW00013958;1951-08;2;2;1;0;22,2;49,5;40,6;52,5;30,9;37,8;24
USW00013958;1951-09;9;7;3;0;13,3;51,3;39,4;164,1;26,2;32;20,5
USW00013958;1951-10;6;3;0;0;10;15,2;35;23,7;22;28,6;15,4
USW00013958;1951-11;4;3;0;0;-3,9;11,9;32,8;26,9;13,8;19,9;7,7
USW00013958;1951-12;6;1;0;0;-7,8;5,3;28,3;8,7;12,2;19,1;5,3
USW00013958;1952-01;5;1;0;0;0;3,6;26,7;6,5;15,1;21,1;9
USW00013958;1952-02;9;3;1;0;-0,6;25,7;28,3;44,1;14,5;21,1;7,9
USW00013958;1952-03;12;5;0;0;-1,1;18,3;32,8;57,2;14,9;21,2;8,6
USW00013958;1952-04;7;6;2;0;3,9;37,6;29,4;129;18;24,3;11,6
USW00013958;1952-05;7;5;1;0;10;35,1;34,4;103,2;22,6;28,9;16,3
USW00013958;1952-06;8;4;1;0;17,2;30,5;35,6;47,8;27,5;33,1;22
USW00013958;1952-07;5;4;0;0;21,1;5,3;37,8;17,6;28,7;34,9;22,6
USW00013958;1952-08;0;0;0;0;20;0;38,9;0;30,6;37,6;23,5
USW00013958;1952-09;6;4;1;0;12,2;27,4;38,9;82,8;25,5;32,2;18,8
USW00013958;1952-10;0;0;0;0;5;0;34,4;0;18,5;26,8;10,1
USW00013958;1952-11;10;6;2;0;0,6;71,4;29,4;136,2;14,1;19,3;8,8
USW00013958;1952-12;10;6;1;0;-4,4;39,9;25,6;80,1;10,2;15,7;4,7
USW00013958;1953-01;4;2;0;0;-4,4;9,1;29,4;16;13,4;21;5,9
USW00013958;1953-02;8;4;0;0;-1,7;10,2;27,2;33,8;11,9;18,1;5,8
USW00013958;1953-03;10;4;0;0;2,8;14,2;30;44;18,9;24,7;13,2
USW00013958;1953-04;9;7;2;0;3,3;34,8;32,8;119,2;19,1;25,8;12,3
USW00013958;1953-05;7;5;0;0;8,9;12,4;33,9;47,8;23,8;29,5;18
USW00013958;1953-06;2;2;1;0;17,8;31,5;39,4;40,4;29,3;35,9;22,7
USW00013958;1953-07;5;1;0;0;18,3;7,9;37,8;13;29,5;35,5;23,5
USW00013958;1953-08;7;5;0;0;20,6;20,1;41,1;53,4;29;35,1;22,9
USW00013958;1953-09;5;4;1;0;13,3;31,5;39,4;75,7;25,8;33,3;18,4
USW00013958;1953-10;10;6;1;0;8,9;104,6;35;167;21,6;27,6;15,6
USW00013958;1953-11;6;1;0;0;1,1;7,4;26,1;9,8;14;20,3;7,8
USW00013958;1953-12;9;7;1;0;-5;94,7;26,1;134,4;9,2;14,9;3,4
USW00013958;1954-01;11;2;0;0;-5;13,5;27,8;25,9;11,1;16,9;5,3
USW00013958;1954-02;5;1;0;0;0;4,8;33,9;7,2;15,2;23,1;7,4
USW00013958;1954-03;4;2;0;0;-1,1;3,8;33,3;6,9;15,2;21,9;8,5
USW00013958;1954-04;8;3;0;0;6,1;21,1;31,7;42,3;22,4;28,1;16,7
USW00013958;1954-05;4;2;2;0;6,1;42,2;34,4;72,7;23;28,8;17,2
USW00013958;1954-06;3;2;0;0;16,1;7,9;37,2;17,3;28,6;34,8;22,5
USW00013958;1954-07;4;2;0;0;21,7;17;42,8;21,6;30,5;37,1;23,9
USW00013958;1954-08;4;3;0;0;21,7;13,2;40,6;28,9;30,3;37;23,6
USW00013958;1954-09;3;1;0;0;14,4;17,8;38,9;20,9;28;34,8;21,2
USW00013958;1954-10;6;4;0;0;4,4;9,9;35,6;22,6;22,6;29,1;16,1
USW00013958;1954-11;4;2;0;0;2,2;3,8;28,9;8,9;15,5;22,4;8,6
USW00013958;1954-12;3;1;0;0;-2,8;15;28,9;15,6;13,6;20,6;6,6
USW00013958;1955-01;11;4;0;0;-2,2;20,3;27,2;47,7;10,9;16,4;5,3
USW00013958;1955-02;6;5;2;0;-4,4;38,1;25;107,2;12,1;17,7;6,5
USW00013958;1955-03;4;2;0;0;-3,3;15;33,3;21,1;16,9;23,5;10,3
USW00013958;1955-04;3;3;0;0;10;10,7;34,4;19,1;22,7;28,9;16,5
USW00013958;1955-05;9;7;3;0;15;29,7;36,7;113,9;25,6;31,7;19,4
USW00013958;1955-06;8;6;1;0;13,9;26,4;36,1;66,4;26,5;32,7;20,2
USW00013958;1955-07;8;3;1;0;21,1;26,4;38,9;51,4;29,3;35,5;23,2
USW00013958;1955-08;8;3;1;0;20;30,5;38,9;48,8;29,1;35,1;23,1
USW00013958;1955-09;5;2;0;0;17,8;25,1;36,1;33,8;27,9;33,9;21,8
USW00013958;1955-10;2;0;0;0;4,4;1,3;35;2,3;21,9;29,5;14,3
USW00013958;1955-11;3;2;0;0;-2,2;17,8;31,1;35,6;15,1;21,3;8,9
USW00013958;1955-12;2;1;1;0;-5;25,4;32,2;25,7;11,4;18,1;4,6
USW00013958;1956-01;6;5;0;0;-2,8;20,3;28,9;41,9;10,4;16,2;4,7
USW00013958;1956-02;5;3;1;0;-4,4;36,6;30;44,2;13,2;19,7;6,7
USW00013958;1956-03;3;1;0;0;-0,6;5,6;32,8;6,6;16,6;23,8;9,3
USW00013958;1956-04;4;1;0;0;5,6;11,4;32,8;14,3;20,6;27,2;13,9
USW00013958;1956-05;6;2;1;0;14,4;53,1;35,6;79,4;25,9;32,3;19,6
USW00013958;1956-06;5;2;0;0;19,4;11,9;38,9;24;29,1;35,6;22,6
USW00013958;1956-07;2;0;0;0;21,7;2;39,4;2,8;30,5;37,4;23,6
USW00013958;1956-08;4;3;0;0;18,3;20,6;40;30,7;29,9;36,6;23,2
USW00013958;1956-09;1;0;0;0;14,4;2,3;39,4;2,3;27,6;34,8;20,4
USW00013958;1956-10;7;3;0;0;8,9;10,7;35,6;21,4;23,2;30,3;16
USW00013958;1956-11;5;3;0;0;-0,6;23,9;29,4;54,1;14;20,5;7,5
USW00013958;1956-12;4;3;1;0;0,6;49,5;26,7;70;13,6;20,1;7,3
USW00013958;1957-01;10;1;0;0;-5,6;5,1;27,2;14,2;10,3;14,9;5,6
USW00013958;1957-02;9;7;1;0;3,3;27,7;31,1;79,8;16,1;21;11,2
USW00013958;1957-03;10;5;2;0;-0,6;41,7;27,8;116,5;15,3;21;9,6
USW00013958;1957-04;14;10;5;0;2,8;55,6;30;252,3;18,9;23,9;13,9
USW00013958;1957-05;10;7;2;0;10,6;82,8;32,2;187,5;23,1;27,6;18,4
USW00013958;1957-06;5;5;2;0;17,2;77;36,1;133,4;27,2;32,2;22,1
USW00013958;1957-07;3;2;0;0;22,8;19,8;40;27,9;30,2;36,7;23,6
USW00013958;1957-08;0;0;0;0;21,1;0;38,3;0;30;36,6;23,4
USW00013958;1957-09;8;6;2;0;13,3;73,4;38,3;163,4;25;31,1;18,9
USW00013958;1957-10;5;5;4;0;0;87,6;31,1;223,2;18,5;23,9;13,1
USW00013958;1957-11;15;9;0;0;0,6;18,8;28,9;75;13,3;18,3;8,2
USW00013958;1957-12;5;2;0;0;-6,1;14;25,6;30,5;13,5;19,6;7,3
USW00013958;1958-01;7;6;1;0;-3,9;27,2;23,3;78,6;9,2;15,2;3,2
USW00013958;1958-02;10;2;2;0;-5,6;77,5;24,4;162,4;9,3;13,9;4,7
USW00013958;1958-03;12;7;0;0;0,6;21,1;26,7;64,9;12,5;18;7,1
USW00013958;1958-04;13;6;2;0;6,1;35,1;33,9;107,7;19,1;24,6;13,5
USW00013958;1958-05;5;3;1;0;12,8;50,8;36,1;93,3;24,4;30,5;18,4
USW00013958;1958-06;6;3;1;0;17,8;48,3;37,2;73,5;28,4;34,2;22,6
USW00013958;1958-07;5;2;1;0;20,6;64;37,8;86,9;29,5;35,5;23,5
USW00013958;1958-08;6;2;0;0;17,8;6,6;39,4;17,3;29,9;36,6;23,2
USW00013958;1958-09;10;6;3;0;14,4;57,4;36,7;175;26,4;31,1;21,6
USW00013958;1958-10;12;9;0;0;8,3;24,1;32,2;131,6;19,7;24;15,4
USW00013958;1958-11;6;3;0;0;-1,7;11,9;29,4;22,1;15,9;21,8;10,1
USW00013958;1958-12;3;3;0;0;-5,6;14,5;26,7;29,2;9,1;15,1;3,1
USW00013958;1959-01;5;3;0;0;-10;3;26,1;10,6;8,8;14,4;3,1
USW00013958;1959-02;14;4;1;0;0;26,9;33,3;58,6;11,6;16,5;6,7
USW00013958;1959-03;3;1;0;0;0;4,6;32,8;5,9;15,5;22,6;8,4
USW00013958;1959-04;9;5;2;0;3,9;50;31,1;110,6;18,3;23,6;13
USW00013958;1959-05;8;3;1;0;16,1;26,2;35,6;42,3;25,1;30,4;19,7
USW00013958;1959-06;5;5;1;0;18,9;45,7;37,2;83,8;28,1;33,9;22,3
USW00013958;1959-07;6;5;2;0;21,1;41,1;36,1;88,7;29;35;22,9
USW00013958;1959-08;9;9;2;0;18,3;31,5;37,8;122;28,6;34,3;22,9
USW00013958;1959-09;8;6;1;0;14,4;65;36,7;111;26,7;32,1;21,3
USW00013958;1959-10;6;5;2;0;5,6;81,8;33,9;151,9;20,8;26,9;14,7
USW00013958;1959-11;6;3;1;0;-3,3;25,7;28,9;49,8;11,2;18;4,4
USW00013958;1959-12;11;4;0;0;0,6;23,1;23,9;53,8;12;17,3;6,7
USW00013958;1960-01;10;3;0;0;-4,4;8,6;23,9;26,2;9,6;14,3;5
USW00013958;1960-02;10;5;1;0;-5,6;30,5;30,6;60,1;8,8;14,5;3,1
USW00013958;1960-03;6;4;0;0;-2,8;19,6;30,6;34,8;12,4;17,7;7,1
USW00013958;1960-04;7;4;0;0;7,8;8,1;31,7;25,6;20,9;26,6;15,3
USW00013958;1960-05;7;3;0;0;8,3;8,4;32,8;20,6;23,1;28,7;17,4
USW00013958;1960-06;3;3;2;0;20;57,7;38,9;108,3;28,5;34,7;22,4
USW00013958;1960-07;6;4;1;0;22,2;34,5;39,4;61,2;29,2;34,9;23,6
USW00013958;1960-08;9;7;0;0;20,6;18,3;36,1;66,1;28,5;33,3;23,6
USW00013958;1960-09;4;3;0;0;15;19,6;35,6;42,7;26,3;32,6;20
USW00013958;1960-10;11;8;4;0;6,1;113,8;32,2;312,8;21,9;27,3;16,6
USW00013958;1960-11;11;5;0;0;0;15,5;30,6;48,3;15,9;20,8;11,1
USW00013958;1960-12;9;9;1;0;-2,8;29,2;23,9;103,7;9,2;14;4,4
USW00013958;1961-01;8;3;0;0;-3,9;13,5;23,3;32,3;7,8;13,2;2,4
USW00013958;1961-02;7;4;2;0;-1,1;56,9;26,7;123,3;12,6;18,8;6,5
USW00013958;1961-03;5;2;0;0;2,2;11,4;30;17;17,6;23,5;11,7
USW00013958;1961-04;3;0;0;0;2,8;1,3;34,4;2,6;19,7;26,6;12,9
USW00013958;1961-05;3;2;0;0;10,6;15,2;35;26,2;24,6;30,7;18,5
USW00013958;1961-06;9;9;5;0;16,1;64,5;35;290,2;26,4;31,6;21,2
USW00013958;1961-07;8;5;2;0;20;118,6;34,4;213,3;27,5;32,8;22,3
USW00013958;1961-08;4;1;0;0;17,8;5,1;38,3;10,1;27,6;33,6;21,6
USW00013958;1961-09;2;2;2;0;12,8;47;36,1;93,5;25,7;31;20,4
USW00013958;1961-10;6;3;0;0;7,8;10,7;32,8;23,2;21;26,8;15,2
USW00013958;1961-11;8;4;1;0;3,9;46,7;29,4;71,6;13,6;18,8;8,4
USW00013958;1961-12;9;1;0;0;-4,4;13,2;26,1;23,2;11,2;16,5;5,9
USW00013958;1962-01;9;1;0;0;-10,6;5,8;25,6;14,3;7,5;14;0,9
USW00013958;1962-02;6;2;0;0;-3,3;6,9;30,6;16;15,8;22,5;9
USW00013958;1962-03;4;3;0;0;-5;15,5;27,8;30,2;14,4;20,7;8
USW00013958;1962-04;7;6;2;0;3,9;33,8;32,2;102,6;19,8;25,5;14,2
USW00013958;1962-05;1;1;1;0;12,2;26,9;33,3;26,9;24,8;30,4;19,1
USW00013958;1962-06;12;8;4;0;17,8;48,8;36,7;208,5;26,8;32,2;21,5
USW00013958;1962-07;0;0;0;0;21,7;0;38,3;0;29,6;36;23,3
USW00013958;1962-08;4;2;1;0;21,1;107,7;40,6;116,4;30,5;37,1;23,9
USW00013958;1962-09;9;8;2;0;15,6;27,9;36,1;120,7;26,5;31,9;21
USW00013958;1962-10;5;5;1;0;8,9;39,4;33,9;103,4;22,9;28,4;17,5
USW00013958;1962-11;5;3;0;0;3,3;9,9;30,6;23,4;15,3;20,8;9,8
USW00013958;1962-12;8;4;2;0;-5;36,3;26,7;88,3;10,5;15,9;5,1
USW00013958;1963-01;5;2;0;0;-11,1;6,9;30;15,1;6,4;12,6;0,3
USW00013958;1963-02;3;2;1;0;-5;59,7;28,3;71,9;10,9;18;3,8
USW00013958;1963-03;4;1;0;0;1,1;3;31,1;5,6;18;24,5;11,6
USW00013958;1963-04;3;2;1;0;7,8;68,6;36,7;89,2;22,7;28,3;17,1
USW00013958;1963-05;6;3;0;0;12,8;15,5;35;33,6;24,9;30,7;19,1
USW00013958;1963-06;8;6;0;0;19,4;16,3;37,8;53,4;28,2;34,5;21,9
USW00013958;1963-07;2;2;0;0;20;8,4;39,4;14,8;30,2;36,8;23,6
USW00013958;1963-08;5;3;0;0;21,7;15,7;39,4;22,4;30,8;37,6;24,1
USW00013958;1963-09;8;3;0;0;14,4;23,1;38,9;38,2;27,8;33,7;21,9
USW00013958;1963-10;3;2;0;0;12,2;14,2;35;19,8;23,9;30,7;17,2
USW00013958;1963-11;8;5;0;0;1,7;12,4;31,7;39,9;17;22,2;11,8
USW00013958;1963-12;9;4;0;0;-5,6;13,5;25;36,2;7,3;12,8;1,7
USW00013958;1964-01;5;3;1;0;-8,3;37,6;24,4;65,4;10,2;16,6;3,8
USW00013958;1964-02;11;4;0;1;-1,7;18;24,4;37,5;9,1;15;3,3
USW00013958;1964-03;9;3;1;0;1,1;33;26,7;49,6;15,9;22,5;9,4
USW00013958;1964-04;8;3;0;0;6,7;24,1;31,1;37,4;21,5;26,8;16,3
USW00013958;1964-05;8;4;0;0;13,9;13,2;35;47,5;24,8;30,3;19,2
USW00013958;1964-06;6;4;2;0;12,8;108,7;35,6;191,5;27,4;32,8;21,9
USW00013958;1964-07;4;3;0;0;21,7;7,4;39,4;16,5;29,5;35,6;23,5
USW00013958;1964-08;7;6;0;0;22,2;17,8;38,9;53,1;29,9;35,8;24,1
USW00013958;1964-09;8;5;2;0;15,6;69,3;36,7;159,8;26,6;31,6;21,6
USW00013958;1964-10;2;2;1;0;6,7;91,9;31,1;94,9;19,8;26,3;13,2
USW00013958;1964-11;3;2;1;0;-0,6;50,3;28,3;62,3;16,9;22,3;11,6
USW00013958;1964-12;3;1;0;0;-3,3;20,8;27,8;22,4;11,2;17,1;5,3
USW00013958;1965-01;5;3;1;0;-3,3;86,9;25,6;103,9;11,9;17,8;6
USW00013958;1965-02;11;6;2;1;-5;50,5;22,8;128,5;9,6;14,9;4,4
USW00013958;1965-03;10;3;0;1;-4,4;11,7;29,4;33,1;11,9;17,8;6
USW00013958;1965-04;6;3;1;0;8,3;29,7;31,7;48,6;21,9;26,9;16,8
USW00013958;1965-05;14;9;4;0;11,1;81;31,7;253,4;23,7;27,7;19,8
USW00013958;1965-06;3;3;0;0;17,2;13,5;34,4;22,6;27;32,1;21,9
USW00013958;1965-07;1;1;0;0;20;9,4;38,3;9,4;29;35,1;22,9
USW00013958;1965-08;4;3;0;0;20;23,6;37,2;33,5;29;35,4;22,6
USW00013958;1965-09;8;5;1;0;13,3;101,6;37,2;138,7;26,9;32,4;21,5
USW00013958;1965-10;6;3;2;0;5;41,1;32,8;82,9;19,2;25,3;13,1
USW00013958;1965-11;6;5;1;0;2,2;34,8;30,6;67,3;17,8;22,8;12,9
USW00013958;1965-12;12;9;1;0;0;63,2;24,4;108,8;13,3;18,4;8,2
USW00013958;1966-01;10;7;0;0;-10;7,6;23,3;40,1;7,4;12,5;2,2
USW00013958;1966-02;9;7;1;1;-3,9;26,9;22,8;82;9,4;15,2;3,5
USW00013958;1966-03;5;3;0;0;-0,6;5,8;30,6;12,7;15,6;21,6;9,5
USW00013958;1966-04;4;4;2;0;5,6;40,6;32,2;94,9;20,6;26,3;14,9
USW00013958;1966-05;13;6;0;0;12,2;23,1;34,4;79,6;23,3;28,1;18,4
USW00013958;1966-06;5;3;0;0;16,7;21,1;35;38,9;26,6;32,3;20,9
USW00013958;1966-07;2;1;0;0;20,6;9,9;38,3;11,9;29,3;35,3;23,2
USW00013958;1966-08;10;5;2;0;17,2;70,1;37,2;158;27,9;33,2;22,5
USW00013958;1966-09;10;7;1;0;15,6;26,7;35;81,9;25,6;31,3;19,9
USW00013958;1966-10;5;2;0;0;3,9;9,7;33,3;15,3;20,3;27,1;13,5
USW00013958;1966-11;3;0;0;0;-0,6;1,3;28,9;2,9;17,9;24,5;11,2
USW00013958;1966-12;6;3;0;0;-6,1;11,7;28,9;22,1;10,5;17;4,1
USW00013958;1967-01;3;1;0;0;-2,8;4,6;25,6;6,4;10,5;16,7;4,3
USW00013958;1967-02;5;2;0;1;-5,6;19,1;25;38,7;10,8;17,3;4,3
USW00013958;1967-03;6;4;0;0;0;8,9;35,6;27,8;19,6;26,3;12,8
USW00013958;1967-04;8;6;2;0;11,1;33,8;32,2;112,9;24,4;29,7;19,1
USW00013958;1967-05;8;5;1;0;11,1;37,8;37,2;85;24,1;30,2;17,9
USW00013958;1967-06;0;0;0;0;18,3;0;37,8;0;28,7;34,8;22,5
USW00013958;1967-07;6;2;0;0;17,8;23,9;38,9;29,2;29,6;36,1;23,1
USW00013958;1967-08;6;5;1;0;16,1;35,1;38,3;94,3;28,1;34,5;21,7
USW00013958;1967-09;11;8;4;0;8,3;32,3;33,3;145,2;23,9;29,1;18,8
USW00013958;1967-10;5;4;1;0;6,1;77,2;30,6;115,7;19,8;26,3;13,3
USW00013958;1967-11;8;4;1;0;2,2;68,1;30;110,8;15;20,8;9,1
USW00013958;1967-12;12;6;1;0;-2,2;43,4;25,6;86,7;9,7;15,3;4,1
USW00013958;1968-01;14;8;4;0;-5,6;44,5;23,3;201,7;8,7;13,1;4,3
USW00013958;1968-02;8;6;0;0;-3,9;9,9;23,3;41,7;8,4;13,8;3,1
USW00013958;1968-03;8;5;0;0;-2,8;22,4;27,8;53,3;14,1;19,8;8,3
USW00013958;1968-04;9;5;0;0;5;19,3;30;47,6;20;25,1;14,9
USW00013958;1968-05;10;6;5;0;11,1;49,8;33,3;222,3;23,4;28,6;18,3
USW00013958;1968-06;13;9;0;0;16,1;18;35,6;78,8;26,4;31,1;21,6
USW00013958;1968-07;4;3;1;0;17,8;61,7;35,6;79;27,9;33,2;22,6
USW00013958;1968-08;3;3;0;0;18,3;8,4;36,7;18,8;28,9;35,1;22,7
USW00013958;1968-09;11;4;1;0;12,2;36,1;34,4;87;24,4;30,2;18,7
USW00013958;1968-10;6;2;0;0;6,7;6,6;33,3;15,3;22,2;28,4;15,9
USW00013958;1968-11;6;5;2;0;0;39,9;28,9;124,8;13,2;19,9;6,5
USW00013958;1968-12;5;2;0;0;-2,8;7,4;24,4;14,1;10,2;16,8;3,7
USW00013958;1969-01;6;2;0;0;-5,6;4,3;28,9;10,2;12;17,6;6,5
USW00013958;1969-02;8;4;2;0;0,6;37,6;27,8;106,2;11,4;16,8;6,1
USW00013958;1969-03;9;6;1;0;-1,1;30,7;28,9;82,7;12,1;17,6;6,7
USW00013958;1969-04;9;5;2;0;10;61;29,4;128,2;20,5;26;15,1
USW00013958;1969-05;10;6;1;0;10;34,5;33,3;82,5;23,1;28,5;17,7
USW00013958;1969-06;4;2;2;0;15;40,6;36,7;67,6;27;32,6;21,4
USW00013958;1969-07;2;1;0;0;21,7;2,5;38,9;3;30,2;36,5;23,9
USW00013958;1969-08;7;5;2;0;18,9;70,9;40,6;146,9;29,4;35,4;23,3
USW00013958;1969-09;6;3;0;0;15,6;14,2;35;29,7;26,5;32,3;20,7
USW00013958;1969-10;6;5;1;0;7,2;26,2;33,3;67,4;20,3;25,8;14,8
USW00013958;1969-11;6;4;0;0;-1,7;6,1;31,1;20,1;14,4;21,1;7,7
USW00013958;1969-12;5;3;1;0;-3,9;62,2;23,3;109;12,1;18,1;6,1
USW00013958;1970-01;6;5;0;1;-8,3;16,5;26,1;46,5;6,6;11,9;1,4
USW00013958;1970-02;8;7;2;0;-5;56,4;26,1;144,7;11,7;17,4;6
USW00013958;1970-03;10;5;1;0;-0,6;31;26,7;62,7;12,9;18,6;7,1
USW00013958;1970-04;7;4;0;0;1,7;15;32,2;34,6;20,4;25,8;15
USW00013958;1970-05;11;7;2;0;8,3;92,7;32,2;207,7;22,2;27,6;16,7
USW00013958;1970-06;2;1;0;0;11,7;5,3;35,6;7,3;26,6;32,1;21,1
USW00013958;1970-07;4;2;0;0;17,8;10,2;38,9;16,8;28,8;34,6;22,9
USW00013958;1970-08;4;2;0;0;19,4;17;38,9;25,4;29,9;36,1;23,7
USW00013958;1970-09;11;8;1;0;13,3;26,9;35,6;97;26,2;30,9;21,5
USW00013958;1970-10;9;6;1;0;3,9;42,9;31,1;132,5;19,3;25,1;13,5
USW00013958;1970-11;0;0;0;0;-2,8;0;27,8;0;14,1;21,6;6,6
USW00013958;1970-12;5;0;0;0;-0,6;1,5;27,2;2,9;14,8;20,7;8,9
USW00013958;1971-01;2;0;0;0;-5;0,5;32,2;1;12,6;19,6;5,5
USW00013958;1971-02;4;2;0;0;-6,7;11,9;27,2;17,5;12,7;19,6;5,8
USW00013958;1971-03;2;1;0;0;-2,2;18,8;36,7;20,1;16,7;24,6;8,8
USW00013958;1971-04;3;1;1;0;2,8;25,9;35;27,2;20,1;26,5;13,7
USW00013958;1971-05;3;3;0;0;9,4;18,8;33,3;34,8;24,6;30,3;18,9
USW00013958;1971-06;5;3;1;0;20;35,6;36,7;42,8;28,7;34,5;23
USW00013958;1971-07;4;2;0;0;19,4;23,9;38,3;31,3;29,9;36,1;23,8
USW00013958;1971-08;11;6;3;0;20,6;43,7;36,1;144,6;27,3;32;22,7
USW00013958;1971-09;10;6;0;0;11,1;18,8;36,7;54,1;26,3;31;21,5
USW00013958;1971-10;15;7;0;0;11,1;22,1;32,2;76,8;22,3;27,4;17,3
USW00013958;1971-11;6;3;1;0;3,9;36,8;28,9;76,7;15,8;21,4;10,1
USW00013958;1971-12;14;6;2;0;1,1;39,4;26,7;107,3;13,6;18,4;8,7
USW00013958;1972-01;9;4;0;0;-7,8;18;31,1;37,8;10,5;16,5;4,5
USW00013958;1972-02;4;1;0;0;-4,4;2,5;29,4;7,8;13,2;20,1;6,2
USW00013958;1972-03;0;0;0;0;3,9;0;33,3;0;18,9;25,4;12,5
USW00013958;1972-04;5;4;0;0;6,7;19,1;36,1;37,2;23;29,3;16,8
USW00013958;1972-05;11;9;2;0;13,9;80,3;32,2;200,1;23,1;28,1;18
USW00013958;1972-06;8;4;1;0;18,3;41,7;36,7;55,9;27,6;32,9;22,4
USW00013958;1972-07;9;6;0;0;18,9;22,6;37,8;64,8;28;33,2;22,8
USW00013958;1972-08;9;6;0;0;21,1;19,8;36,1;64,3;28,4;33,8;22,9
USW00013958;1972-09;6;5;0;0;12,8;18,5;36,1;39,4;28;33,4;22,6
USW00013958;1972-10;6;3;1;0;10;41,1;33,3;75,2;21,6;27,2;16
USW00013958;1972-11;13;4;1;0;0,6;26,9;28,9;66,6;11,6;16,3;6,8
USW00013958;1972-12;7;3;0;0;-5,6;5,6;27,2;13,5;9,1;14,9;3,2
USW00013958;1973-01;14;10;0;1;-7,8;21,3;24,4;86,9;7,7;12,7;2,7
USW00013958;1973-02;6;4;0;1;-4,4;14,2;24,4;52;10,1;15,2;5
USW00013958;1973-03;11;6;0;0;5;17,8;28,3;74,2;17,6;23,5;11,6
USW00013958;1973-04;10;6;1;0;1,7;30,2;30;78,6;17,3;22;12,6
USW00013958;1973-05;7;5;0;0;8,9;9,7;34,4;35;23,1;29;17,2
USW00013958;1973-06;10;8;1;0;16,7;33,5;33,3;119,4;25,8;30,4;21,2
USW00013958;1973-07;8;3;1;0;20;45,7;36,1;74,9;28,2;33,4;23
USW00013958;1973-08;3;0;0;0;18,9;0,8;37,2;1,6;28,1;33,9;22,2
USW00013958;1973-09;5;4;2;0;14,4;119,6;36,7;188,9;26,5;31,7;21,3
USW00013958;1973-10;13;11;4;0;9,4;117,9;32,8;282,4;21,7;26,6;16,8
USW00013958;1973-11;6;2;0;0;2,2;8,4;30,6;14,8;18,4;24,2;12,5
USW00013958;1973-12;3;1;0;0;-5,6;16,5;30;19,3;11,3;18,6;4,1
USW00013958;1974-01;10;4;0;0;-5,6;22,4;26,1;69,8;9,4;14,8;4
USW00013958;1974-02;2;1;0;0;-2,2;8,9;28,3;9,2;13,5;20,7;6,3
USW00013958;1974-03;4;2;1;0;0,6;26,7;33,3;34,1;19,2;25;13,4
USW00013958;1974-04;5;4;0;0;5;22,9;32,8;45,5;20,5;26,4;14,6
USW00013958;1974-05;8;7;1;0;16,1;84,3;33,9;149,4;25,4;30,4;20,3
USW00013958;1974-06;3;1;0;0;15;4,8;36,7;5,4;26,7;32,7;20,8
USW00013958;1974-07;4;2;0;0;20,6;6,6;38,9;15,6;29,1;35,4;22,8
USW00013958;1974-08;12;9;3;0;20,6;70,6;35,6;225,9;27,4;32,1;22,6
USW00013958;1974-09;11;4;0;0;10;10,7;32,8;40,1;22,4;26,9;17,9
USW00013958;1974-10;8;7;0;0;6,7;24,6;30,6;87,5;20,8;26,8;14,9
USW00013958;1974-11;10;5;2;0;-2,8;117,3;26,7;186,7;13,8;19;8,7
USW00013958;1974-12;10;7;0;0;-1,1;22,1;24,4;50,8;10,4;15,9;4,9
USW00013958;1975-01;7;3;0;0;-6,7;13;28,9;28,2;11,8;18,1;5,5
USW00013958;1975-02;5;3;1;0;-4,4;31,8;26,1;58,5;11,2;17,7;4,7
USW00013958;1975-03;5;3;0;0;0,6;9,9;30,6;20,3;15,4;21,8;9
USW00013958;1975-04;10;3;1;0;2,2;76,2;32,2;98,2;19,9;25,1;14,7
USW00013958;1975-05;13;11;1;0;14,4;106,9;31,1;207,4;23,1;28;18,3
USW00013958;1975-06;9;9;3;0;13,9;46;33,3;179,6;26,6;31,3;21,9
USW00013958;1975-07;7;4;1;0;18,9;42,2;36,7;57,2;27,8;32,9;22,7
USW00013958;1975-08;6;5;1;0;21,1;34,8;35,6;64,6;28,1;33,1;23
USW00013958;1975-09;9;5;1;0;11,1;61,5;35;92;24,3;30;18,6
USW00013958;1975-10;3;2;1;0;8,3;54,1;32,8;64,5;21,1;27,5;14,6
USW00013958;1975-11;5;4;0;0;-1,7;4,3;30;13,1;15,8;22,7;8,8
USW00013958;1975-12;5;4;1;0;-2,8;41,9;27,2;51,8;11,3;17,6;5,1
USW00013958;1976-01;3;2;0;0;-7,8;16,3;25;29,5;9,7;16,8;2,6
USW00013958;1976-02;5;3;0;0;-1,1;21,1;28,3;28,2;16,3;23;9,6
USW00013958;1976-03;12;8;0;0;1,7;11,4;32,8;53,6;16,7;22,4;10,9
USW00013958;1976-04;11;9;2;0;7,2;90,4;30;206,6;20;24,9;15,1
USW00013958;1976-05;11;7;2;0;9,4;36,6;31,1;153,8;21,5;26,7;16,2
USW00013958;1976-06;6;4;1;0;15,6;45,7;34,4;81;26,5;31,8;21,2
USW00013958;1976-07;14;7;1;0;21,1;45;34,4;119,9;26,8;31,1;22,4
USW00013958;1976-08;3;2;0;0;20;14,5;37,8;20,3;28,6;34,6;22,5
USW00013958;1976-09;7;3;2;0;13,3;45,5;35;96,6;25,6;31,1;20,1
USW00013958;1976-10;8;8;2;0;2,8;38,9;30,6;150,6;16,3;21,8;10,8
USW00013958;1976-11;9;6;0;0;-6,7;14;27,2;45,4;10,9;16,1;5,7
USW00013958;1976-12;10;6;0;0;-6,7;19,1;21,7;63;9,1;15;3,3
USW00013958;1977-01;10;6;0;0;-7,2;18,5;26,7;57,4;5,3;10,4;0,2
USW00013958;1977-02;7;3;1;0;-0,6;32,8;30;65,6;12,2;18,9;5,6
USW00013958;1977-03;7;3;1;0;1,7;27,4;30;55,5;16,3;22,4;10,1
USW00013958;1977-04;11;7;2;0;7,2;56,4;31,1;154,5;19,5;25,2;13,7
USW00013958;1977-05;10;4;0;0;15,6;16,8;33,3;31,6;24;28,5;19,6
USW00013958;1977-06;7;3;0;0;20;14,5;34,4;31;27,9;33,3;22,4
USW00013958;1977-07;2;1;0;0;21,7;4,6;38,3;5,4;29,5;35,4;23,6
USW00013958;1977-08;2;0;0;0;23,3;1;38,3;1,5;30,4;36,5;24,3
USW00013958;1977-09;5;3;2;0;18,9;35,6;37,2;78,8;28,8;34,5;23
USW00013958;1977-10;4;2;0;0;5,6;13,5;35;30,3;22;28,1;16
USW00013958;1977-11;7;3;0;0;1,7;19,1;28,9;43,1;16,5;22,5;10,5
USW00013958;1977-12;4;2;0;0;-3,9;3,8;28,9;8,6;12;18,4;5,6
USW00013958;1978-01;7;2;0;0;-6,1;9,7;26,7;22,5;4,8;9,3;0,4
USW00013958;1978-02;7;4;0;0;-4,4;17,8;30;49,6;7,2;12,2;2,2
USW00013958;1978-03;4;2;0;0;-3,3;14,2;29,4;21,4;14,7;21,4;8
USW00013958;1978-04;4;1;1;0;8,3;39,4;31,7;43,7;21;26,4;15,5
USW00013958;1978-05;12;6;2;0;8,3;54,6;34,4;146,8;25,2;30,6;19,8
USW00013958;1978-06;6;3;1;0;18,9;39,4;36,1;75,7;27,9;33,6;22,3
USW00013958;1978-07;4;3;0;0;21,1;12,2;40,6;30,2;30,2;36,3;24,2
USW00013958;1978-08;5;1;1;0;21,7;36,3;37,2;38;29,3;34,8;23,8
USW00013958;1978-09;10;8;1;0;16,1;25,9;35;112,9;26,1;30,4;21,8
USW00013958;1978-10;3;3;0;0;7,2;20,6;31,7;35,1;21;27,4;14,6
USW00013958;1978-11;14;8;1;0;2,2;87,6;28,3;139,1;15,9;20,9;10,9
USW00013958;1978-12;6;3;1;0;-7,2;60,7;26,1;72,2;9,8;15,6;4
USW00013958;1979-01;14;6;0;0;-10,6;22,9;20,6;53,7;4,7;8,9;0,4
USW00013958;1979-02;9;6;1;0;-5;36,6;26,7;89,9;9,2;14,5;3,9
USW00013958;1979-03;11;8;0;0;0,6;21,1;27,8;95,4;16,1;21,7;10,6
USW00013958;1979-04;10;7;1;0;5;32,5;30;75,8;19,4;24,5;14,4
USW00013958;1979-05;9;5;2;0;8,9;141;32,2;185,3;21,9;27,3;16,6
USW00013958;1979-06;5;3;0;0;15,6;11,4;36,1;21;26,6;31,6;21,5
USW00013958;1979-07;6;5;3;0;21,1;123,2;35,6;267,6;28,4;33,4;23,4
USW00013958;1979-08;4;2;0;0;19,4;9,4;35,6;15,5;28;33,5;22,5
USW00013958;1979-09;5;2;0;0;15,6;19,6;35;35,7;25,3;31,3;19,4
USW00013958;1979-10;2;1;0;0;6,1;11,2;36,1;11,5;23,1;30;16,1
USW00013958;1979-11;5;2;0;0;-2,8;6,4;27,2;15;13,6;19,9;7,3
USW00013958;1979-12;7;3;2;0;-3,9;31;24,4;86,5;11,6;17,9;5,4
USW00013958;1980-01;7;4;0;0;-1,1;7,9;26,1;21,7;10,7;15,7;5,6
USW00013958;1980-02;9;4;0;0;-3,9;23,1;31,1;59,2;11,5;18,3;4,7
USW00013958;1980-03;7;3;1;0;-7,2;68,3;32,8;81,3;16,3;22,7;9,9
USW00013958;1980-04;5;3;1;0;3,3;39,1;33,3;55,9;19,3;26,4;12,2
USW00013958;1980-05;10;10;2;0;12,8;29,7;32,8;137,9;23,9;28,8;19,1
USW00013958;1980-06;2;1;0;0;18,3;7,4;40,6;7,9;29,2;35;23,5
USW00013958;1980-07;1;1;0;0;21,1;7,1;39,4;7,1;31,1;37,8;24,3
USW00013958;1980-08;6;3;0;0;21,7;18,8;38,9;30;30;35,8;24,1
USW00013958;1980-09;12;9;2;0;18,3;49,5;37,2;143,9;27,6;32,6;22,6
USW00013958;1980-10;5;3;0;0;1,7;18;32,2;32,8;20,2;26,7;13,7
USW00013958;1980-11;6;5;1;0;0;42,7;30,6;86,6;14,2;20,2;8,2
USW00013958;1980-12;6;3;0;0;-3,3;16,5;25,6;31,6;12,1;17,6;6,5
USW00013958;1981-01;5;3;1;0;-0,6;31,8;24,4;41;10,3;15,8;4,9
USW00013958;1981-02;6;4;0;0;-8,3;11,2;27,2;30;11,9;17,6;6,2
USW00013958;1981-03;8;7;1;0;2,2;38,9;30,6;77,5;15,1;20,5;9,8
USW00013958;1981-04;8;1;0;0;8,3;12,7;33,3;20,7;22,4;27,7;17,1
USW00013958;1981-05;12;10;3;0;9,4;98,6;35;229,2;23,6;29,1;18,2
USW00013958;1981-06;13;10;3;0;19,4;143,8;35;380;27,4;32;22,9
USW00013958;1981-07;6;6;1;0;20,6;54,4;37,2;86,1;29,4;34,4;24,4
USW00013958;1981-08;5;3;0;0;21,1;15,2;38,3;23,1;29,7;35,6;23,9
USW00013958;1981-09;6;4;1;0;11,1;42,2;35;67,4;26,5;32,4;20,5
USW00013958;1981-10;11;10;1;0;6,7;93;34,4;178,9;22,3;27,4;17,3
USW00013958;1981-11;3;1;0;0;3,9;15,7;28,9;18,2;17,6;23,7;11,4
USW00013958;1981-12;4;1;0;0;-3,3;4,8;28,3;9,9;12,1;18,1;6,1
USW00013958;1982-01;6;3;0;1;-11,7;10,7;26,1;21,6;11;17,3;4,8
USW00013958;1982-02;6;3;0;0;-5,6;8,6;32,2;20,3;10,5;16,2;4,8
USW00013958;1982-03;9;4;0;0;1,1;15,2;30,6;35,3;18,2;22,9;13,4
USW00013958;1982-04;9;5;1;0;7,2;56,6;36,7;106;19,6;24,6;14,6
USW00013958;1982-05;10;5;1;0;10;81,8;33,9;144,4;24,2;29,2;19,3
USW00013958;1982-06;6;4;1;0;17,2;26,9;36,1;76;27,6;33,2;21,9
USW00013958;1982-07;1;1;0;0;22,8;3,3;38,3;3,3;30,3;36,2;24,4
USW00013958;1982-08;3;3;0;0;22,2;10,7;40;19,6;30,8;37,1;24,5
USW00013958;1982-09;6;4;0;0;12,8;18;37,8;47,7;27,7;34,1;21,2
USW00013958;1982-10;10;8;0;0;6,7;12,4;35;67,7;21,5;26,8;16,2
USW00013958;1982-11;13;6;1;0;1,7;32;30;81,2;14,7;19,4;10,1
USW00013958;1982-12;7;7;0;0;-3,3;13,2;26,7;53,9;11,2;16,4;6,1
USW00013958;1983-01;6;4;0;0;-1,1;18;24,4;47,8;8,5;13,8;3,3
USW00013958;1983-02;6;4;0;0;0;24,6;24,4;72,1;10,7;15,9;5,5
USW00013958;1983-03;11;9;2;0;1,1;41,4;27,8;153,2;14,3;19,7;9
USW00013958;1983-04;6;0;0;0;4,4;2;29,4;4,1;18,1;24,3;11,8
USW00013958;1983-05;13;7;2;0;11,1;50,5;33,9;135,4;22,6;28;17,3
USW00013958;1983-06;8;6;1;0;15;36,6;34,4;97,7;25,7;30,8;20,6
USW00013958;1983-07;7;4;1;0;21,7;25,9;36,1;72,4;28,2;33,1;23,3
USW00013958;1983-08;7;3;1;0;21,1;30,2;38,3;56,2;29,1;34,6;23,6
USW00013958;1983-09;7;5;2;0;9,4;28,2;37,2;71,9;25,7;31,6;19,9
USW00013958;1983-10;6;5;1;0;8,9;42,4;33,9;71,6;22,2;27,9;16,5
USW00013958;1983-11;11;7;0;0;0,6;18,5;30,6;67,5;16,9;23,2;10,5
USW00013958;1983-12;6;1;0;0;-12,2;7,9;27,2;13,5;5,5;11,1;-0,1
USW00013958;1984-01;6;3;0;0;-8,3;24,9;25,6;42,3;7,9;13,1;2,8
USW00013958;1984-02;7;2;0;0;-2,2;12,2;27,8;25,4;13,1;19,9;6,2
USW00013958;1984-03;10;4;1;0;1,7;31,2;35,6;63,3;17,4;23,7;11,1
USW00013958;1984-04;3;0;0;0;6,7;0,8;36,1;1,6;21,7;28,9;14,5
USW00013958;1984-05;6;4;0;0;9,4;13,7;37,8;32,2;25,6;32,1;19
USW00013958;1984-06;7;5;0;0;13,9;16,3;38,9;42,9;28,1;34,1;22
USW00013958;1984-07;5;3;0;0;19,4;15,5;40,6;36,6;29,5;36,1;22,9
USW00013958;1984-08;3;1;0;0;20,6;8,9;41,1;11,5;30;36,8;23,2
USW00013958;1984-09;5;2;0;0;8,9;15,2;36,1;20,1;24,6;30,3;18,9
USW00013958;1984-10;19;13;5;0;7,2;45,5;32,8;262,7;21,3;25,8;16,9
USW00013958;1984-11;5;2;1;0;0,6;32;28,3;47,8;14,8;20,3;9,4
USW00013958;1984-12;12;7;1;0;-2,2;34,5;26,1;82,2;14,7;19,6;9,8
USW00013958;1985-01;8;3;0;4;-8,3;12,2;23,9;34;6,7;12,1;1,3
USW00013958;1985-02;8;5;0;1;-10;18;23,3;53,4;9,8;14,7;5
USW00013958;1985-03;9;3;0;0;5,6;21,6;28,9;46,9;18;22,6;13,3
USW00013958;1985-04;10;8;0;0;6,7;16,5;32,2;60,8;21,1;26,5;15,7
USW00013958;1985-05;6;5;0;0;15;14,2;36,1;41,9;24,6;30,1;19,2
USW00013958;1985-06;9;6;3;0;17,8;65,5;35,6;143,3;27;32,1;22
USW00013958;1985-07;5;4;0;0;20;19,1;37,2;39;28,3;33,9;22,7
USW00013958;1985-08;1;1;0;0;22,8;9,4;38,9;9,4;30,5;37,1;23,9
USW00013958;1985-09;8;7;2;0;10;36,3;40;101;26,2;31,8;20,7
USW00013958;1985-10;8;5;2;0;8,9;75,7;33,3;148,4;22,1;26,7;17,4
USW00013958;1985-11;15;11;2;0;5,6;35,3;28,9;120,5;17,2;21,8;12,6
USW00013958;1985-12;4;2;0;0;-4,4;23,4;25,6;27;9,5;15,5;3,5
USW00013958;1986-01;6;1;0;0;0,6;4,3;26,1;11,5;12,2;18,4;6,1
USW00013958;1986-02;4;2;0;0;-2,8;24,1;36,1;29;14,2;20,2;8,1
USW00013958;1986-03;4;2;0;0;1,7;4,6;28,9;10,5;17,6;24,6;10,6
USW00013958;1986-04;10;2;0;0;10,6;24,6;33,9;37,2;22,1;27,6;16,7
USW00013958;1986-05;16;7;3;0;12,8;55,9;32,2;187;23,2;27,8;18,5
USW00013958;1986-06;11;7;0;0;19,4;15;35,6;56;27,5;32,4;22,6
USW00013958;1986-07;1;1;0;0;20,6;11,4;39,4;11,4;29,9;36,5;23,4
USW00013958;1986-08;7;5;0;0;17,2;15,2;39,4;30,6;29,3;35,3;23,2
USW00013958;1986-09;14;7;1;0;20,6;64;35;121,4;27,8;32,2;23,4
USW00013958;1986-10;11;9;2;0;8,3;92,2;33,9;202,7;20,4;25,6;15,2
USW00013958;1986-11;12;3;0;0;-0,6;20,1;29,4;46,3;15;19,9;10
USW00013958;1986-12;13;8;1;0;0,6;56,6;21,7;146,6;10,4;14,5;6,4
USW00013958;1987-01;3;2;0;0;-2,2;16,5;26,1;23,4;10,5;16;5
USW00013958;1987-02;12;8;0;0;0,6;22,1;27,2;73,1;13;17,7;8,3
USW00013958;1987-03;7;5;0;0;-1,1;15;26,7;34,7;14,4;20,7;8
USW00013958;1987-04;2;2;0;0;2,8;7,9;33,9;11,5;19,6;26,8;12,5
USW00013958;1987-05;14;7;1;0;16,1;96,8;32,2;171,6;24,5;29,4;19,6
USW00013958;1987-06;12;11;4;0;17,8;58,9;36,1;275,6;26,7;31,3;22,2
USW00013958;1987-07;5;5;2;0;21,7;34,5;35,6;87,8;28,5;33,6;23,4
USW00013958;1987-08;2;1;0;0;22,2;6,1;37,2;6,9;29,6;35,2;24,1
USW00013958;1987-09;6;5;1;0;15;74,4;36,1;127,8;26;31,8;20,1
USW00013958;1987-10;2;2;0;0;10;4,3;32,8;7,9;21,1;27,5;14,6
USW00013958;1987-11;9;4;1;0;1,1;35,8;30,6;78,3;15,6;21,8;9,3
USW00013958;1987-12;11;3;0;0;-1,7;18;27,8;33,3;11,8;17,4;6,2
USW00013958;1988-01;3;1;0;0;-5;4,6;25;6,9;8,5;14,1;2,9
USW00013958;1988-02;5;1;0;0;-5;6,1;29,4;8,3;11,8;17,6;5,9
USW00013958;1988-03;6;4;1;0;0,6;49,3;30;67,6;15,8;22,1;9,4
USW00013958;1988-04;9;4;0;0;6,7;23,6;36,1;51,3;20,3;27;13,5
USW00013958;1988-05;10;4;1;0;12,8;33,8;35,6;84,7;23,7;29,6;17,9
USW00013958;1988-06;6;5;1;0;17,8;31,5;36,1;66;26,8;32,7;20,8
USW00013958;1988-07;12;6;0;0;20;18;37,8;70,4;29,2;35,1;23,3
USW00013958;1988-08;4;2;1;0;21,7;26,7;40,6;42,4;30,4;36,7;24
USW00013958;1988-09;3;2;1;0;16,7;29,2;36,1;36,3;27,5;33,8;21,3
USW00013958;1988-10;4;2;0;0;11,1;8,1;33,9;16,7;22,5;28,9;16,1
USW00013958;1988-11;2;2;0;0;1,7;4,6;31,7;8,7;18,3;24,9;11,7
USW00013958;1988-12;7;3;0;0;0,6;10,7;26,7;29;13,1;18,6;7,5
USW00013958;1989-01;12;7;1;0;0;26,2;28,9;96,4;12,9;18,2;7,7
USW00013958;1989-02;9;3;0;0;-7,2;10,4;28,9;21,8;9,2;13,7;4,7
USW00013958;1989-03;7;5;0;0;-2,8;22,4;32,2;54;16;22,5;9,5
USW00013958;1989-04;5;5;1;0;5;31,8;32,8;61,9;20,6;26,3;15
USW00013958;1989-05;9;5;5;0;15,6;44,5;35;175,4;25,7;31,2;20,2
USW00013958;1989-06;6;3;2;0;15,6;30,2;37,2;78,8;27,4;32,9;21,9
USW00013958;1989-07;3;0;0;0;19,4;1,5;39,4;2,3;29,8;36,4;23,3
USW00013958;1989-08;4;4;1;0;18,3;46,5;38,3;69,1;29,3;35,7;22,9
USW00013958;1989-09;2;1;0;0;11,7;6,4;38,9;6,9;26,3;33,2;19,3
USW00013958;1989-10;6;4;1;0;5;25,7;36,7;55,9;22,2;29,1;15,4
USW00013958;1989-11;6;3;0;0;2,2;21,8;31,1;31,9;17;22,7;11,4
USW00013958;1989-12;5;0;0;0;-15,6;0,8;27,2;3,7;6,8;13,3;0,3
USW00013958;1990-01;9;4;0;0;0,6;9,1;29,4;32,6;14,4;20,3;8,5
USW00013958;1990-02;9;5;0;0;1,7;23,6;27,8;90,3;15,1;21,2;9,1
USW00013958;1990-03;14;6;1;0;3,9;25,4;27,2;52,9;16,4;21,3;11,6
USW00013958;1990-04;8;4;1;0;7,2;56,6;33,9;79,2;21;26,4;15,6
USW00013958;1990-05;5;4;1;0;12,8;56,4;36,7;92,7;25,8;31,2;20,4
USW00013958;1990-06;3;1;1;0;19,4;38,6;38,9;39,4;29,9;36,2;23,6
USW00013958;1990-07;10;6;1;0;19,4;44,5;38,3;79,9;28,5;34,2;22,9
USW00013958;1990-08;5;1;0;0;20,6;6,6;41,1;8,5;30;36,7;23,4
USW00013958;1990-09;10;4;0;0;15,6;14,5;38,9;44,8;27,3;33,2;21,4
USW00013958;1990-10;4;3;2;0;6,1;50,8;35;86,1;21,1;27,9;14,3
USW00013958;1990-11;7;4;1;0;2,8;73,9;28,3;98,4;17,6;23,5;11,6
USW00013958;1990-12;7;2;0;0;-9,4;11,2;27,8;18,5;10,7;17,2;4,2
USW00013958;1991-01;13;10;3;0;-0,6;112;24,4;233,8;8,5;13,1;4
USW00013958;1991-02;8;5;1;0;0;28,7;27,8;75,9;13,6;19;8,3
USW00013958;1991-03;6;3;0;0;4,4;11,2;35,6;23;17,5;23,8;11,2
USW00013958;1991-04;11;6;3;0;5;45;31,1;124,9;21,9;27,3;16,4
USW00013958;1991-05;13;6;1;0;11,1;44,5;33,9;101,3;24,8;29,6;20
USW00013958;1991-06;10;6;2;0;18,9;30,2;35,6;111,9;27,5;32,9;22,1
USW00013958;1991-07;4;2;0;0;21,1;21,3;38,9;29,4;28,8;34,6;23,1
USW00013958;1991-08;4;4;1;0;21,1;90,2;38,3;108,7;29,5;35,7;23,4
USW00013958;1991-09;12;7;0;0;12,8;13;33,9;57;25,1;30,4;19,9
USW00013958;1991-10;8;5;0;0;4,4;22,1;36,7;77,8;22,6;29,2;16
USW00013958;1991-11;5;1;0;0;-1,7;19,1;28,9;23,1;13,7;19,7;7,8
USW00013958;1991-12;17;13;6;0;0,6;106,9;25,6;359,6;12,5;16,7;8,3
USW00013958;1992-01;14;9;1;0;-3,3;40,4;23,3;122,9;10,3;14,6;6
USW00013958;1992-02;12;7;3;0;3,3;46;27,2;166,7;14,9;20,1;9,7
USW00013958;1992-03;9;6;3;0;3,9;39,6;29,4;138,1;17,1;22,8;11,3
USW00013958;1992-04;4;2;1;0;6,7;29,7;30;48,2;20;25,4;14,6
USW00013958;1992-05;16;9;4;0;10;79,2;34,4;230,1;22,8;28;17,7
USW00013958;1992-06;10;6;2;0;17,2;42,7;35;126,2;27,5;32,9;22,1
USW00013958;1992-07;5;3;0;0;20,6;9,4;35,6;24,4;28,8;34,1;23,6
USW00013958;1992-08;6;4;0;0;16,7;19,1;38,3;49,6;27,8;33,9;21,7
USW00013958;1992-09;5;3;0;0;12,2;19,8;36,7;50,3;27,1;33,2;21
USW00013958;1992-10;2;2;0;0;10,6;22,1;32,8;35,1;22,6;29,6;15,6
USW00013958;1992-11;11;5;2;0;-3,3;49,8;27,2;95,6;13,8;19,6;8
USW00013958;1992-12;14;6;1;0;0,6;29,7;26,7;83,7;12,6;17,8;7,5
USW00013958;1993-01;13;6;1;0;0;46;25;86,4;9,9;14,9;4,9
USW00013958;1993-02;9;5;0;0;0,6;23,4;28,3;79,9;12,5;17,5;7,4
USW00013958;1993-03;10;5;0;0;-2,2;19,6;28,9;53,1;16;21,8;10,2
USW00013958;1993-04;7;4;1;0;6,7;37,1;32,2;74,8;19;25;13,1
USW00013958;1993-05;8;5;4;0;10,6;39,1;33,3;134,8;23,2;28,7;17,6
USW00013958;1993-06;14;9;1;0;17,8;56,4;33,3;101,4;27,4;31,9;23
USW00013958;1993-07;0;0;0;0;22,8;0;38,3;0;29,6;35;24,3
USW00013958;1993-08;1;1;0;0;23,3;19,1;38,3;19,1;30,7;37,4;24,1
USW00013958;1993-09;4;1;0;0;13,9;5,8;38,3;8,7;27,6;34,4;20,9
USW00013958;1993-10;4;3;1;0;-1,1;46,7;35;61,4;21,4;27,5;15,2
USW00013958;1993-11;9;3;0;0;-1,7;8,6;27,8;25,4;13,1;19,4;6,9
USW00013958;1993-12;10;4;0;0;0,6;8,4;25;29,1;12,7;17,8;7,7
USW00013958;1994-01;10;6;0;0;-3,9;11,2;26,1;36,4;11,2;16,4;6
USW00013958;1994-02;7;4;0;0;-3,3;22,1;28,9;54,1;13;19,2;6,8
USW00013958;1994-03;8;5;0;0;1,7;16,3;31,7;43,3;17,1;23,1;11,1
USW00013958;1994-04;7;3;1;0;4,4;27,2;33,3;42,8;20,7;27;14,5
USW00013958;1994-05;11;6;1;0;10;36,3;34,4;93,6;23,7;28,9;18,5
USW00013958;1994-06;6;2;0;0;20,6;8,1;38,9;18,8;28,9;34,9;23
USW00013958;1994-07;1;1;0;0;20;6,6;40;6,6;30,6;37,3;24
USW00013958;1994-08;6;5;2;0;20,6;144,3;37,2;215,9;28,7;34,6;22,9
USW00013958;1994-09;7;5;1;0;11,7;80,5;35,6;144,6;25,3;31,2;19,4
USW00013958;1994-10;10;8;2;0;10,6;81,5;34,4;199,5;21,9;26,9;16,8
USW00013958;1994-11;7;3;1;0;6,1;30,5;29,4;46,5;17,7;22,9;12,6
USW00013958;1994-12;11;8;2;0;0,6;53,6;27,2;144;13,1;18,3;8
USW00013958;1995-01;7;1;0;0;-1,1;12,2;25;20,5;12;17,6;6,4
USW00013958;1995-02;9;3;0;0;1,7;17,8;27,2;36,6;13,4;19;7,9
USW00013958;1995-03;11;5;1;0;-1,1;29,5;33,3;56,3;15,9;20,9;11
USW00013958;1995-04;10;6;1;0;8,3;30,5;31,1;78,2;19,8;25,8;13,7
USW00013958;1995-05;9;7;4;0;12,2;72,1;33,3;241,2;24,6;29,5;19,6
USW00013958;1995-06;5;4;1;0;16,7;49;34,4;69,6;26,3;31,6;21
USW00013958;1995-07;5;3;0;0;20,6;6,6;39,4;16,3;29,1;34,9;23,4
USW00013958;1995-08;8;7;2;0;21,1;59,7;36,7;145,1;29,1;34,6;23,6
USW00013958;1995-09;6;4;0;0;9,4;23,1;36,7;68,5;25,9;31,5;20,4
USW00013958;1995-10;3;1;1;0;6,1;33,3;33,9;36,4;21,5;28,1;15
USW00013958;1995-11;5;3;2;0;0,6;38,6;27,8;81,9;15;20,6;9,4
USW00013958;1995-12;5;2;0;0;-3,3;5,1;30;12,9;12,7;17,7;7,8
USW00013958;1996-01;2;0;0;0;-6,7;1,3;26,1;1,6;10,3;17,3;3,2
USW00013958;1996-02;4;1;0;0;-7,2;13,5;37,2;15,8;14,3;20,7;7,8
USW00013958;1996-03;5;2;0;0;-3,3;7,1;30,6;15,3;14;20,5;7,4
USW00013958;1996-04;4;3;0;0;3,3;22,9;36,1;48,3;20,3;27,9;12,8
USW00013958;1996-05;6;3;1;0;10,6;25,7;36,1;46,3;27;32,6;21,4
USW00013958;1996-06;8;5;2;0;16,1;49,3;38,9;113,9;28;33,8;22,3
USW00013958;1996-07;1;1;0;0;22,2;3,8;38,9;3,8;30,4;36,9;23,9
USW00013958;1996-08;12;10;3;0;18,9;45,5;38,9;224;28,8;34,5;23,1
USW00013958;1996-09;12;6;1;0;10,6;29;33,3;102,3;25,4;30,4;20,3
USW00013958;1996-10;9;2;0;0;3,9;9,4;31,7;19,9;21;26,3;15,7
USW00013958;1996-11;8;7;1;0;1,1;26,4;30;104,8;15,8;21,5;10,1
USW00013958;1996-12;5;3;1;0;-5;44,7;28,3;55,6;12,7;18,4;6,9
USW00013958;1997-01;9;4;0;0;-5;13,2;28,9;27,3;9,4;14,6;4,1
USW00013958;1997-02;11;8;1;0;1,1;43,4;28,3;100;11,7;16;7,4
USW00013958;1997-03;11;4;0;0;3,9;13,7;30;40,2;17,1;22,3;11,9
USW00013958;1997-04;13;8;1;0;3,9;47,8;31,7;142,2;17,2;22,4;12,1
USW00013958;1997-05;11;9;3;0;12,2;46,5;33,9;180,3;22,5;27,1;17,8
USW00013958;1997-06;11;11;3;0;16,1;66,5;33,9;227,8;26,2;30,8;21,5
USW00013958;1997-07;2;1;1;0;21,7;53,8;36,7;54,1;28,8;34,2;23,4
USW00013958;1997-08;3;3;1;0;19,4;44,2;36,1;59,4;28,4;33,7;23
USW00013958;1997-09;4;3;0;0;16,1;20,1;37,8;37,1;27,5;33,5;21,4
USW00013958;1997-10;12;5;2;0;6,1;46,7;35;137,8;21,3;26,5;16,2
USW00013958;1997-11;11;6;0;0;1,1;20,8;28,3;73,9;13,6;18,4;8,8
USW00013958;1997-12;6;5;1;0;-1,7;70,1;26,7;108,8;10,3;16,1;4,5
USW00013958;1998-01;9;3;1;0;1,1;36,6;24,4;68,2;13,6;18,9;8,2
USW00013958;1998-02;9;7;0;0;2,8;22,4;27,2;83;13,1;18,4;7,7
USW00013958;1998-03;11;8;1;0;0;34;28,9;77,9;15,3;20,9;9,7
USW00013958;1998-04;5;2;0;0;7,2;10,2;30,6;19,9;19,6;25,9;13,4
USW00013958;1998-05;1;1;0;0;14,4;18,5;38,9;18,5;26,6;32,9;20,3
USW00013958;1998-06;4;4;0;0;17,8;21,6;42,2;39,6;30,2;36,2;24,2
USW00013958;1998-07;3;2;0;0;22,8;15,5;39,4;22,8;31,1;37,3;24,8
USW00013958;1998-08;10;4;0;0;22,2;14;40,6;35,5;29,9;35,6;24,1
USW00013958;1998-09;10;7;3;0;21,7;59,7;38,9;171,5;28,3;32,9;23,6
USW00013958;1998-10;9;7;4;0;10,6;158,5;33,3;314,8;22;26,6;17,4
USW00013958;1998-11;12;6;1;0;5,6;43,7;27,8;102,7;17,1;21,7;12,5
USW00013958;1998-12;6;3;0;0;-3,9;19,6;26,7;39,7;11,6;16,3;6,9
USW00013958;1999-01;4;1;0;0;-2,8;3,6;27,2;5,2;13,1;19,6;6,5
USW00013958;1999-02;2;0;0;0;0,6;0,5;30,6;0,8;16,8;22,9;10,7
USW00013958;1999-03;10;5;2;0;4,4;42,2;30,6;104;16,9;22,2;11,5
USW00013958;1999-04;7;2;0;0;5,6;9,7;31,7;20,1;22,1;27,6;16,6
USW00013958;1999-05;8;4;2;0;15;100,3;34,4;179,7;24,7;29,8;19,6
USW00013958;1999-06;8;6;1;0;21,1;28,2;35;85,8;27,6;32;23,2
USW00013958;1999-07;12;5;2;0;21,7;44,2;37,8;112,8;28,4;33,8;23,1
USW00013958;1999-08;1;1;0;0;22,2;17,8;41,1;17,8;31,2;38;24,4
USW00013958;1999-09;3;1;0;0;12,2;4,1;38,3;7,2;27,4;34,3;20,6
USW00013958;1999-10;3;3;0;0;7,8;23,1;33,9;42,4;21,8;28,7;14,8
USW00013958;1999-11;1;1;0;0;2,8;3,8;29,4;3,8;18;25,1;10,9
USW00013958;1999-12;5;2;0;0;0;19,1;28,3;29,4;13,1;19,7;6,6
USW00013958;2000-01;4;3;1;0;-3,3;44,7;30,6;72,4;13;18,7;7,3
USW00013958;2000-02;7;3;0;0;1,7;20,3;28,9;44,6;16,7;22,8;10,6
USW00013958;2000-03;7;4;0;0;3,3;16,8;32,8;29,1;19;24,8;13,3
USW00013958;2000-04;5;5;1;0;6,1;32,3;36,7;61;21,3;27,1;15,5
USW00013958;2000-05;6;3;1;0;15;67,3;35,6;82,6;26,2;31,6;20,7
USW00013958;2000-06;8;7;2;0;17,2;35,3;35,6;133,9;27,6;32,5;22,7
USW00013958;2000-07;3;2;1;0;21,1;36,6;41,7;47,5;30,4;37,4;23,3
USW00013958;2000-08;2;1;0;0;21,7;2,5;41,7;3,3;30,6;37,8;23,4
USW00013958;2000-09;6;4;0;0;9,4;16;44,4;44,7;27,5;34,7;20,3
USW00013958;2000-10;15;8;3;0;6,1;36,8;35;153,3;21,9;26,3;17,4
USW00013958;2000-11;14;9;2;0;0,6;55,1;27,2;201,9;13,3;18;8,5
USW00013958;2000-12;11;3;1;0;-3,3;38,6;23,3;73,1;7,4;12,3;2,6
USW00013958;2001-01;10;7;1;0;-2,8;33,8;22,8;69,2;9,1;14,2;4,1
USW00013958;2001-02;9;3;0;0;-1,7;21,3;25,6;35,8;13,4;18,6;8,2
USW00013958;2001-03;13;10;1;0;2,8;41,1;25,6;139,9;12,7;17,7;7,7
USW00013958;2001-04;6;2;0;0;7,8;8,6;32,2;12,8;21,5;26,4;16,6
USW00013958;2001-05;9;7;1;0;12,2;41,1;33,9;83,1;24,7;30,6;18,8
USW00013958;2001-06;6;4;0;0;18,9;5,6;36,7;21,6;28,1;34;22,3
USW00013958;2001-07;2;1;0;0;20,6;7,6;39,4;8,6;30,6;37,3;23,9
USW00013958;2001-08;8;6;4;0;20,6;90,2;40,6;240,9;30,1;36,4;23,8
USW00013958;2001-09;6;4;0;0;10;12,7;35;43,4;25,1;30,5;19,7
USW00013958;2001-10;4;3;2;0;5;28,7;33,3;62,5;20,1;26,2;13,9
USW00013958;2001-11;10;4;2;0;-1,1;191,8;28,9;254,1;17,1;22,5;11,7
USW00013958;2001-12;11;6;2;0;0;35,3;25,6;117,5;12,1;17,4;6,8
USW00013958;2002-01;6;2;1;0;-3,3;36,6;27,2;43;12;18;5,9
USW00013958;2002-02;2;1;0;0;-3,9;16,5;26,1;16,8;10,6;17,4;3,9
USW00013958;2002-03;10;2;0;0;-4,4;19,8;29,4;31,8;15,1;21,2;9
USW00013958;2002-04;8;2;0;0;9,4;10,9;33,9;19,4;23;28;18
USW00013958;2002-05;5;2;1;0;12,8;25,4;35,6;31,8;25,6;31,5;19,6
USW00013958;2002-06;8;6;2;0;18,3;69,1;36,7;143,3;28,1;34,2;22
USW00013958;2002-07;10;7;2;0;20,6;55,1;35,6;125,4;28;32,6;23,4
USW00013958;2002-08;5;3;1;0;22,2;43,9;38,9;59,7;29,6;35,3;23,9
USW00013958;2002-09;7;3;2;0;15;45;36,7;82,2;26,5;32,1;21
USW00013958;2002-10;16;10;2;0;8,9;48,8;34,4;169,7;20,9;25,3;16,4
USW00013958;2002-11;5;4;2;0;2,2;31,2;31,1;77,2;14;20,1;7,9
USW00013958;2002-12;10;8;2;0;0;36,1;25;115;11,8;17,3;6,2
USW00013958;2003-01;5;3;0;0;-3,3;22,9;28,3;43,2;9,8;15,3;4,3
USW00013958;2003-02;10;4;1;1;-4,4;65;25,6;98,1;10,7;15,3;6
USW00013958;2003-03;8;1;0;0;2,8;5,6;29,4;13,9;15,6;21,4;9,8
USW00013958;2003-04;5;0;0;0;4,4;1;35,6;2,7;21,6;27,8;15,3
USW00013958;2003-05;5;2;0;0;15,6;19,1;38,3;34,9;26,7;32,3;21,1
USW00013958;2003-06;7;4;2;0;18,3;48,8;36,7;115,6;27,9;33,6;22,1
USW00013958;2003-07;6;4;0;0;20,6;11,4;38,3;35,9;29,3;35;23,6
USW00013958;2003-08;6;5;1;0;19,4;50,8;43,3;74,7;30;36,4;23,6
USW00013958;2003-09;8;6;0;0;14,4;16;36,1;52,8;25,8;31,2;20,4
USW00013958;2003-10;7;3;0;0;7,8;8,9;34,4;26,2;22,4;28,7;16,1
USW00013958;2003-11;8;3;0;0;0;15;29,4;33,5;17,6;22,9;12,3
USW00013958;2003-12;3;2;0;0;-1,1;9,9;25;12,7;12,9;19,5;6,3
USW00013958;2004-01;7;3;1;0;-1,7;65,5;26,1;105,4;12,5;17,5;7,5
USW00013958;2004-02;12;10;0;1;-1,1;23,9;24,4;94,8;11;16,1;5,9
USW00013958;2004-03;12;6;0;0;6,7;18;30,6;58,7;19,2;24,4;14
USW00013958;2004-04;10;6;1;0;5,6;45,7;30,6;100,9;20,2;25,2;15,2
USW00013958;2004-05;10;7;0;0;10;24,9;37,8;84,9;24,7;29,8;19,6
USW00013958;2004-06;14;9;5;0;18,3;107,7;36,1;289,8;26,5;31,4;21,6
USW00013958;2004-07;4;4;0;0;20;7,1;36,7;21,1;28,3;33,8;22,8
USW00013958;2004-08;6;4;0;0;16,7;25,1;38,3;48,4;28,4;34,5;22,4
USW00013958;2004-09;3;2;1;0;17,2;35,8;35,6;39,9;26,7;32,5;20,8
USW00013958;2004-10;9;6;2;0;10;50,3;33,3;117,4;24,4;29,4;19,4
USW00013958;2004-11;11;10;4;0;2,2;117,1;27,8;358,1;15,4;20,5;10,3
USW00013958;2004-12;4;3;0;0;-4,4;2,8;26,7;8,4;11,4;17,4;5,3
USW00013958;2005-01;9;6;1;0;-1,7;34,5;26,7;57;12,4;17,3;7,6
USW00013958;2005-02;11;7;0;0;2,2;19,1;27,8;56,3;13,2;17,5;8,9
USW00013958;2005-03;12;8;0;0;2,8;23,9;29,4;109,4;16;22,1;9,8
USW00013958;2005-04;5;3;0;0;6,7;9,4;34,4;18,4;19,8;26,2;13,3
USW00013958;2005-05;7;3;2;0;7,8;37,1;36,1;79,7;23,6;29,3;18
USW00013958;2005-06;1;1;0;0;17,8;22,6;37,8;22,6;28,6;34,6;22,6
USW00013958;2005-07;13;7;0;0;20,6;24,4;40;69,9;29,5;35,8;23,3
USW00013958;2005-08;6;4;1;0;20;30,7;38,9;62,1;29,8;35,9;23,7
USW00013958;2005-09;3;2;0;0;20,6;20,6;41,7;36,6;29,1;35,5;22,7
USW00013958;2005-10;5;3;1;0;5,6;29;35;45,3;21,6;28,1;15,1
USW00013958;2005-11;1;1;0;0;-0,6;8,4;31,1;8,4;18,2;24,9;11,5
USW00013958;2005-12;2;0;0;0;-5;2;27,8;2,3;11,2;18,1;4,3
USW00013958;2006-01;3;2;1;0;1,7;33,5;30;45,7;14,8;22;7,6
USW00013958;2006-02;8;3;0;0;-2,2;14;28,3;22,8;12,5;18,8;6,3
USW00013958;2006-03;10;7;2;0;1,1;82,8;32,8;191,6;18,7;24,6;12,9
USW00013958;2006-04;5;4;1;0;10;35,3;37,2;73,4;23,8;30,1;17,5
USW00013958;2006-05;9;3;2;0;11,1;68,1;35,6;134,3;25,1;31,5;18,8
USW00013958;2006-06;6;6;1;0;17,2;30,5;38,3;80,7;28,1;34,4;21,8
USW00013958;2006-07;6;1;0;0;21,7;8,1;39,4;12,2;30;36,1;24
USW00013958;2006-08;1;1;0;0;19,4;5,6;40;5,6;31,4;38,2;24,6
USW00013958;2006-09;8;5;1;0;13,9;30,2;38,3;76,2;26,8;33,2;20,4
USW00013958;2006-10;6;5;2;0;6,7;36,1;34,4;99,9;22;28,4;15,6
USW00013958;2006-11;5;1;1;0;0,6;30,2;32,8;32,8;17,7;24,2;11,3
USW00013958;2006-12;9;5;2;0;-1,7;36,8;26,7;106,6;12,7;18,2;7,1
USW00013958;2007-01;13;10;1;1;-1,7;93;27,2;175,7;8,6;13,2;4,1
USW00013958;2007-02;4;0;0;0;-4,4;1;30,6;3,5;12,5;18,8;6,2
USW00013958;2007-03;11;7;4;0;1,1;37,8;29,4;151;18,6;23,9;13,4
USW00013958;2007-04;10;6;0;0;1,1;20,3;29,4;57;18,7;24;13,5
USW00013958;2007-05;13;9;3;0;15,6;57,2;32,8;178,1;24,1;28,9;19,4
USW00013958;2007-06;13;11;1;0;18,9;45;34,4;137,4;27,2;31,9;22,4
USW00013958;2007-07;17;15;2;0;21,1;53,8;34,4;249,8;27,3;31,4;23
USW00013958;2007-08;8;5;0;0;21,1;23,6;37,8;63,5;29,5;34,7;24,2
USW00013958;2007-09;8;5;2;0;19,4;41,7;35;100,9;27,4;32,5;22,2
USW00013958;2007-10;4;1;1;0;6,7;25,9;34,4;28,8;23,3;29,9;16,7
USW00013958;2007-11;4;2;0;0;2,2;22,6;31,7;29,5;17,2;23;11,4
USW00013958;2007-12;7;3;0;0;-2,2;7,4;28,9;17,1;12,6;19,7;5,5
USW00013958;2008-01;7;2;0;0;-3,9;10,2;26,7;21;10,2;16,1;4,4
USW00013958;2008-02;3;2;0;0;-2,2;7,6;33,3;13;15,2;22,9;7,5
USW00013958;2008-03;9;4;1;0;0,6;26,4;35,6;72,8;17,4;24,1;10,7
USW00013958;2008-04;6;5;1;0;5;34;33,3;89,4;20,9;27,5;14,4
USW00013958;2008-05;9;5;1;0;13,9;26,4;38,3;43,1;26,5;32,6;20,5
USW00013958;2008-06;3;2;0;0;20;11,4;39,4;18,7;30,8;37,4;24,1
USW00013958;2008-07;2;1;0;0;20,6;7,6;40,6;9,6;30,3;37,3;23,4
USW00013958;2008-08;9;3;1;0;21,1;48,8;40,6;60,8;30,1;36,4;23,8
USW00013958;2008-09;2;0;0;0;15;0,3;38,3;0,6;27;33,7;20,3
USW00013958;2008-10;3;2;1;0;4,4;26,2;33,9;51,1;21,7;28,9;14,5
USW00013958;2008-11;6;1;0;0;2,2;14;30;18,4;17,1;23,6;10,5
USW00013958;2008-12;8;1;0;0;-2,2;4,6;27,2;10,3;11,9;18,7;5,1
USW00013958;2009-01;7;1;0;0;-2,2;12,7;28,3;18,9;12;19,4;4,6
USW00013958;2009-02;4;2;0;0;-1,1;17,8;32,8;37,4;16,1;23;9,2
USW00013958;2009-03;9;6;1;0;0,6;40,4;30;77,2;17,7;24,1;11,2
USW00013958;2009-04;8;5;1;0;3,9;31,5;35;72,1;20,6;26,9;14,3
USW00013958;2009-05;4;2;1;0;11,1;38,9;36,1;45;25,8;31,6;19,9
USW00013958;2009-06;3;2;0;0;16,1;22,9;41,1;34,3;30,3;37,3;23,4
USW00013958;2009-07;3;1;0;0;22,8;3,3;41,1;6,4;31,9;38,9;25
USW00013958;2009-08;4;2;0;0;21,7;14,5;40,6;19,6;31,7;38,7;24,7
USW00013958;2009-09;10;7;3;0;14,4;60,7;38,3;174,4;25,7;30,9;20,4
USW00013958;2009-10;11;9;3;0;7,8;52,8;33,3;174,6;20,4;25,6;15,2
USW00013958;2009-11;6;5;1;0;4,4;41,4;26,1;71,2;16,2;22,1;10,4
USW00013958;2009-12;10;4;1;0;-3,9;26,7;23,3;66,4;8,6;13,6;3,7
USW00013958;2010-01;6;4;1;0;-8,3;43,9;24,4;83,6;9,3;15;3,7
USW00013958;2010-02;9;5;0;0;-1,1;21,8;24,4;78,1;8,5;13,6;3,4
USW00013958;2010-03;9;6;1;0;2,2;26,7;28,3;84,3;15;21,6;8,4
USW00013958;2010-04;7;4;1;0;5;30,7;31,1;54,1;20,4;26;14,7
USW00013958;2010-05;7;3;1;0;12,2;31,2;35,6;47,8;25,9;31,7;20,1
USW00013958;2010-06;6;6;3;0;19,4;63,5;37,2;150,6;28,9;34;23,9
USW00013958;2010-07;9;7;0;0;22,8;23,6;37,2;85,8;29,2;34;24,3
USW00013958;2010-08;0;0;0;0;18,9;0;41,7;0;31,5;38,1;24,8
USW00013958;2010-09;11;8;2;0;12,8;178,8;37,8;335,4;27,1;32,3;21,8
USW00013958;2010-10;3;0;0;0;4,4;1,3;31,7;2,1;21,8;28,9;14,7
USW00013958;2010-11;3;2;0;0;1,1;11,7;29,4;17,3;16,8;23,1;10,5
USW00013958;2010-12;3;3;0;0;-2,2;13,7;26,7;20;12,3;18,5;6,1
USW00013958;2011-01;5;3;1;0;-3,3;41,9;27,2;74,1;9,8;15,6;4,1
USW00013958;2011-02;5;3;0;0;-8,3;5,1;29,4;12,2;12,8;19,5;6,1
USW00013958;2011-03;4;0;0;0;2,2;1,3;32,2;2,4;19,2;25,8;12,6
USW00013958;2011-04;2;1;0;0;5;6,4;35,6;6,9;24,5;31,5;17,5
USW00013958;2011-05;5;2;1;0;7,8;75,2;37,8;92,7;25,6;32,1;19,1
USW00013958;2011-06;2;1;1;0;19,4;50,5;41,1;51;30,6;37,7;23,5
USW00013958;2011-07;2;0;0;0;22,8;1;40,6;1,3;32;39;25,1
USW00013958;2011-08;0;0;0;0;23,3;0;44,4;0;33,1;40,5;25,9
USW00013958;2011-09;2;1;0;0;15;4,1;40,6;4,6;29,1;37,1;21,2
USW00013958;2011-10;2;2;1;0;6,7;43,2;35;55,6;22,1;29,1;15,1
USW00013958;2011-11;7;4;1;0;0,6;29;30;74,1;16,6;22,9;10,4
USW00013958;2011-12;14;10;1;0;-2,8;25,9;26,1;125,2;11,2;16;6,5
USW00013958;2012-01;6;4;1;0;-0,6;79,8;26,7;119,5;12,8;19,3;6,3
USW00013958;2012-02;12;5;1;0;-1,7;43,7;33,3;77,4;14,1;19,3;9
USW00013958;2012-03;8;5;2;0;5,6;70,4;31,1;139;19;24,4;13,5
USW00013958;2012-04;3;1;0;0;10,6;3;34,4;5,5;23,2;29,5;16,9
USW00013958;2012-05;9;7;1;0;15;68,6;35,6;138,6;25,4;31,1;19,8
USW00013958;2012-06;4;0;0;0;19,4;0,8;42,8;1,7;29,6;36;23,1
USW00013958;2012-07;8;6;2;0;20;68,6;38,3;148;29,6;35,7;23,4
USW00013958;2012-08;3;1;1;0;21,1;30,7;41,7;31,8;30,6;37,2;24
USW00013958;2012-09;5;5;2;0;16,1;57,7;39,4;144,9;26,6;32,8;20,5
USW00013958;2012-10;5;4;0;0;4,4;13,2;32,8;24,3;21,2;27;15,4
USW00013958;2012-11;0;0;0;0;2,8;0;31,1;0;17,9;24,8;11
USW00013958;2012-12;4;1;0;0;-2,8;6,1;28,9;8;14,1;20,5;7,7
USW00013958;2013-01;7;3;1;0;-1,1;48;28,9;73,2;12;18;6
USW00013958;2013-02;8;1;0;0;1,7;3;29,4;9,7;15;21,5;8,5
USW00013958;2013-03;4;3;0;0;1,1;21,6;32,2;29,8;17,1;24,3;9,9
USW00013958;2013-04;7;4;1;0;4,4;53,3;31,1;81,7;19,4;25,6;13,2
USW00013958;2013-05;8;5;2;0;6,7;83,8;35,6;153,2;24,3;30,5;18,1
USW00013958;2013-06;5;3;0;0;17,2;9,1;42,2;23,4;29,6;36;23,1
USW00013958;2013-07;6;3;1;0;19,4;38,1;40,6;74;29,9;36,3;23,5
USW00013958;2013-08;2;1;0;0;20,6;4,6;41,7;6,9;31,2;38,2;24,1
USW00013958;2013-09;14;6;2;0;14,4;74,2;40;147,9;28,6;35;22,3
USW00013958;2013-10;12;9;4;0;6,7;107,2;33,9;337,4;21,9;27,8;16,1
USW00013958;2013-11;9;5;1;0;0;46,5;32,2;87,2;14,4;19,7;9,1
USW00013958;2013-12;4;2;0;0;-2,7;11,7;29,4;18,3;10,1;15,9;4,2
USW00013958;2014-01;7;2;0;0;-5,5;4,1;27,8;11,5;10,4;17,6;3,1
USW00013958;2014-02;4;3;0;0;-3,2;3,8;30;9,6;12,7;19,1;6,3
USW00013958;2014-03;8;3;0;0;-4,3;18,8;31,7;32,3;14,9;21,4;8,4
USW00013958;2014-04;6;3;1;0;3,9;34;35,6;48,1;20,7;26,6;14,8
USW00013958;2014-05;7;6;3;0;7,8;62,2;34,4;180,1;23,6;29,7;17,6
USW00013958;2014-06;8;5;1;0;17,8;37,8;35,6;78,3;27,8;32,8;22,8
USW00013958;2014-07;6;3;2;0;20,6;89,7;38,3;141,8;29,1;35,1;23,1
USW00013958;2014-08;2;0;0;0;20;1,8;40;3,1;30,6;37,2;24
USW00013958;2014-09;12;9;1;0;15,6;93;38,3;177,4;27;32,5;21,5
USW00013958;2014-10;5;2;1;0;10,6;36,1;34,4;47,1;23,6;29,4;17,8
USW00013958;2014-11;8;4;2;0;-1;83,8;27,2;146,9;13,2;18,9;7,4
USW00013958;2014-12;10;3;0;0;-1;15;25;27;12,8;17,1;8,5
USW00013958;2015-01;10;9;1;0;-4,9;52,6;28,3;127,6;9,3;14,6;3,9
USW00013958;2015-02;9;2;0;0;-1;6,6;28,3;12,8;10,7;16,5;5
USW00013958;2015-03;13;7;2;0;-3,2;55,1;28,9;122,7;15,7;21,1;10,3
USW00013958;2015-04;11;4;0;0;9,4;14,5;33,9;58,7;21,8;27;16,5
USW00013958;2015-05;19;13;5;0;12,8;132,1;31,7;446,7;24;28,6;19,4
USW00013958;2015-06;11;8;4;0;17,8;67,6;35;225,8;27,3;32,4;22,1
USW00013958;2015-07;0;0;0;0;21,1;0;38,9;0;29,8;35,4;24,1
USW00013958;2015-08;1;1;0;0;21,7;8,9;40,6;8,9;30,8;37,4;24,2
USW00013958;2015-09;4;2;1;0;17,2;26,7;38,3;48,1;28,6;35,1;22,1
USW00013958;2015-10;6;6;2;0;10,6;125,2;37,2;301;23,7;30,1;17,2
USW00013958;2015-11;11;5;2;0;0;37,1;29,4;95;16,4;21,3;11,5
USW00013958;2015-12;5;3;2;0;1,1;39,1;27,2;76,2;13,9;20,3;7,6
USW00013958;2016-01;3;2;0;0;-0,5;5,1;30;8,7;11,1;17,2;4,9
USW00013958;2016-02;2;1;1;0;0;33,8;28,3;34,1;15,4;22;8,8
USW00013958;2016-03;11;5;1;0;1,7;55,4;33,3;89,3;18,9;24,8;13,1
USW00013958;2016-04;11;10;3;0;6,7;34;32,2;180,8;21,1;27;15,3
USW00013958;2016-05;17;15;2;0;12,2;57,2;32,8;181,9;23,4;28,4;18,4
USW00013958;2016-06;6;5;1;0;18,3;40,9;38,3;66,2;28,4;33,8;22,9
USW00013958;2016-07;4;2;1;0;23,3;26,9;38,9;49,2;31,1;37,2;25,1
USW00013958;2016-08;14;9;2;0;21,7;59,7;40,6;176;29,1;34,2;24
USW00013958;2016-09;7;2;1;0;15,6;31;37,2;53,3;28,1;33,6;22,5
USW00013958;2016-10;1;1;0;0;8,3;4,3;34,4;4,3;24,3;30,7;17,8
USW00013958;2016-11;11;7;1;0;1,7;27,2;32,8;79;18,7;24,2;13,2
USW00013958;2016-12;6;4;1;0;-4,9;32,8;28,9;64,6;12,8;17,5;8,1
USW00013958;2017-01;8;6;1;0;-7,1;39,9;28,9;105;13,7;19,9;7,5
USW00013958;2017-02;4;2;1;0;4,4;28,4;32,2;53;18,1;24,2;11,9
USW00013958;2017-03;8;4;0;0;4,4;18,5;30;63,1;20,3;25,9;14,7
USW00013958;2017-04;6;3;0;0;8,9;18;35;31;22,1;28,2;15,9
USW00013958;2017-05;10;5;1;0;10,6;31;36,1;72,6;24,6;31,1;18,1
USW00013958;2017-06;8;5;2;0;18,9;35,3;40;77,6;28,9;34,7;23,1
USW00013958;2017-07;4;1;0;0;20;4,1;41,7;5,9;31,6;38,6;24,7
USW00013958;2017-08;8;4;3;0;20;129;38,9;265,1;29,6;35,3;23,9
USW00013958;2017-09;5;2;1;0;13,9;41,1;35,6;51,5;26,6;32,3;21
USW00013958;2017-10;5;3;0;0;3,9;17,5;33,3;44,8;21,6;28;15,2
USW00013958;2017-11;2;0;0;0;3,3;2;31,1;3;19;24,7;13,3
USW00013958;2017-12;7;5;2;0;-2,7;41,7;29,4;109,6;11,3;16,8;5,9
USW00013958;2018-01;5;2;0;0;-7,7;3,6;22,2;7,2;9,9;16;3,8
USW00013958;2018-02;15;5;0;0;-0,5;15,2;28,3;43,5;13,4;18;8,8
USW00013958;2018-03;6;3;1;0;5;83,3;32,2;95;19,4;25,6;13,3
USW00013958;2018-04;5;1;0;0;4,4;7,1;31,7;12;19,7;26,4;12,9
USW00013958;2018-05;4;2;1;0;14,4;93,2;37,2;116,1;27;32,8;21,2
USW00013958;2018-06;10;3;1;0;21,7;32,3;38,3;54,3;30,3;36;24,5
USW00013958;2018-07;5;4;2;0;22,2;45;43,3;102,2;30,9;37,4;24,4
USW00013958;2018-08;3;1;0;0;21,1;5,8;40,6;8,4;31,5;38,3;24,8
USW00013958;2018-09;18;11;3;0;16,7;41,9;37,8;202,1;27;31,5;22,4
USW00013958;2018-10;17;14;2;0;6,7;41,9;32,8;196,8;21,1;25,6;16,6
USW00013958;2018-11;7;5;0;0;-1,6;14,7;30;44;13,8;19,5;8
USW00013958;2018-12;11;5;2;0;0;63,8;27,2;148,4;11,8;16,9;6,6
USW00013958;2019-01;9;5;1;0;0;59,4;25;86,1;10,9;16,4;5,4
USW00013958;2019-02;10;2;0;0;0;4,3;32,8;15;13,5;18,2;8,9
USW00013958;2019-03;4;1;0;0;-3,2;8,6;30,6;10,4;15,8;21,4;10,2
USW00013958;2019-04;10;6;3;0;4,4;86,4;33,9;185;20,8;27;14,6
USW00013958;2019-05;10;7;3;0;12,8;82,8;33,3;191,1;24,9;29,6;20,1
USW00013958;2019-06;12;10;1;0;18,9;26,4;36,7;113,1;27,9;33,5;22,3
USW00013958;2019-07;2;1;0;0;17,2;9,7;39,4;10;30,3;36,3;24,2
USW00013958;2019-08;3;2;1;0;23,9;33;40,6;38,4;32,2;38,7;25,7
USW00013958;2019-09;4;2;0;0;22,8;8,6;39,4;16,2;31,1;37,7;24,5
USW00013958;2019-10;11;5;2;0;1,1;52,3;37,2;106,5;22,1;28,7;15,4
USW00013958;2019-11;6;5;0;0;-1;4,3;31,1;16,7;14,9;21,6;8,3
USW00013958;2019-12;3;2;0;0;-1;9,9;28,3;21,1;13,3;20;6,5
USW00013958;2020-01;9;4;0;0;1,7;22,6;27,8;60,6;14,2;19,7;8,6
USW00013958;2020-02;9;3;1;0;-0,5;34,3;27,2;58,3;12,8;18,9;6,7
USW00013958;2020-03;10;5;1;0;7,2;36,3;33,3;102;20,4;25,5;15,3
USW00013958;2020-04;10;6;0;0;6,1;21,3;36,7;73,1;20,7;27;14,5
USW00013958;2020-05;11;7;2;0;12,8;60,2;36,1;199,1;25,4;31,7;19,1
USW00013958;2020-06;6;4;1;0;17,2;31,8;37,8;67,9;28,5;34,2;22,7
USW00013958;2020-07;3;2;0;0;23,3;11,9;42,2;16,5;31,6;37,9;25,3
USW00013958;2020-08;1;1;1;0;20;31,8;41,7;31,8;31,9;39,2;24,7
USW00013958;2020-09;8;7;3;0;11,7;58,2;37,8;151,5;25,7;30,8;20,6
USW00013958;2020-10;4;2;0;0;3,9;4,6;37,2;8,9;22,1;29;15,2
USW00013958;2020-11;4;1;0;0;0,6;16,5;30,6;18,5;19,1;25,7;12,4
USW00013958;2020-12;5;3;2;0;-1;45,2;27,8;103,4;12,7;19,9;5,6
USW00013958;2021-01;9;2;1;1;-0,5;27,2;26,7;41,6;12;18,5;5,5
USW00013958;2021-02;11;4;0;6;-13,8;13,7;30;48,5;9,1;14,7;3,4
USW00013958;2021-03;8;4;0;0;3,3;12,4;30,6;28,3;18,2;24,6;11,8
USW00013958;2021-04;8;4;1;0;6,1;34,8;33,3;87,2;20,6;26,3;14,9
USW00013958;2021-05;14;12;3;0;14,4;36,6;34,4;183,7;23,9;28,9;18,9
USW00013958;2021-06;11;6;0;0;17,8;24,4;37,8;91,1;28,6;33,8;23,5
USW00013958;2021-07;12;6;2;0;21,7;33;37,8;102,9;28,9;34,1;23,8
USW00013958;2021-08;6;4;1;0;21,7;61;38,3;91,5;30;35,5;24,5
USW00013958;2021-09;3;3;1;0;14,4;36,1;38,9;45,5;28,3;35,3;21,3
USW00013958;2021-10;7;5;1;0;9,4;62,2;33,3;134,5;23,5;29,8;17,2
USW00013958;2021-11;3;2;1;0;3,9;43,9;28,3;60,9;16,5;22,9;10,1
USW00013958;2021-12;5;1;1;0;0,6;41,4;29,4;43,1;18,4;23,9;12,9
USW00013958;2022-01;4;3;1;0;-3,8;49,3;27,2;56,1;10;16,5;3,6
USW00013958;2022-02;5;2;2;0;-6;39,4;31,1;73,7;10;17,1;2,9
USW00013958;2022-03;6;2;0;0;-2,1;14,7;32,8;25,2;16,9;24,6;9,2
USW00013958;2022-04;8;1;1;0;6,7;39,4;35,6;43,8;23,2;29,2;17,1
USW00013958;2022-05;8;4;1;0;14,4;25,4;37,8;51,7;27,9;34,6;21,3
USW00013958;2022-06;2;2;1;0;20;42,7;40,6;57,9;30,9;38;23,9
USW00013958;2022-07;0;0;0;0;23,9;0;43,3;0;32,6;39,9;25,2
USW00013958;2022-08;8;6;1;0;21,7;94,7;41,1;145,4;31,1;37,6;24,6
USW00013958;2022-09;3;1;0;0;16,1;9,4;37,2;12;28,1;34,8;21,6
USW00013958;2022-10;5;4;0;0;5,6;21,8;36,7;55,3;22,4;29,6;15,2
USW00013958;2022-11;15;9;2;0;1,7;27,2;30;105,3;15,1;19,7;10,5
USW00013958;2022-12;8;1;1;0;-9,3;45,7;27,8;49,8;12,8;18,1;7,5
USW00013958;2023-01;8;2;0;0;-1,6;20,8;28,9;32;13,7;19,8;7,5
USW00013958;2023-02;6;3;1;0;-1,6;26,4;32,8;45,3;13,7;20,4;7,1
USW00013958;2023-03;7;3;1;0;3,9;27,7;32,2;41,7;18,8;24,8;12,8
USW00013958;2023-04;7;5;1;0;8,3;50;34,4;106,2;20,3;26,1;14,4
USW00013958;2023-05;9;4;1;0;14,4;54,1;34,4;109,3;25;30,4;19,6
USW00013958;2023-06;6;3;0;0;19,4;17;41,1;29,4;30,2;36,6;23,8
USW00013958;2023-07;2;0;0;0;23,9;0,8;42,2;1,1;32,6;39,7;25,6
USW00013958;2023-08;1;1;0;0;21,1;2,8;43,3;2,8;32,9;40,5;25,2
USW00013958;2023-09;5;4;0;0;19,4;19;41,7;40,1;29,9;36,6;23,3
USW00013958;2023-10;8;7;3;0;3,9;65,3;36,7;181,7;22,3;28,2;16,4
USW00013958;2023-11;6;4;0;0;1,7;11,7;29,4;30,7;15,3;20,1;10,4
USW00013958;2023-12;7;4;1;0;-0,5;32,5;23,9;61,5;13,2;19,4;7,1
USW00013958;2024-01;9;6;3;0;-8,8;79;25;154,1;8,7;14,5;3
USW00013958;2024-02;3;2;0;0;0,6;16,3;31,1;25,2;15,9;21,7;10,2
USW00013958;2024-03;8;4;0;0;6,1;18,8;32,8;34;18,7;24,2;13,3
USW00013958;2024-04;9;5;1;0;8,9;39,1;31,7;88,3;22,1;27,5;16,7
USW00013958;2024-05;9;6;4;0;16,7;41,1;37,2;157,4;26,6;31,6;21,8
USW00013958;2024-06;3;3;1;0;21,1;31,8;38,3;45,5;30,1;35,6;24,6
USW00013958;2024-07;7;6;1;0;22,8;26,4;38,9;76,9;29,9;35,5;24,3
USW00013958;2024-08;4;2;0;0;22,2;24,1;42,8;38,4;31,1;37,6;24,6
USW00013958;2024-09;2;1;0;0;15,6;8,4;37,8;9,4;28,4;34,7;22,1
USW00013958;2024-10;1;0;0;0;11,7;0,3;38,3;0,3;25,6;33;18,3
USW00013958;2024-11;5;3;1;0;3,9;45,5;31,7;57,5;18,9;25,9;11,9
USW00013958;2024-12;13;4;0;0;1,1;10,7;31,7;30,8;15,3;21,1;9,6
USW00013958;2025-01;8;2;0;0;-6,6;23,4;23,9;51,1;8,3;13,6;3
USW00013958;2025-02;7;2;1;0;-7,7;31,2;30,6;41,3;12,8;18,4;7,1
USW00013958;2025-03;7;4;0;0;4,4;21,8;35,6;46,5;20;27,3;12,7
USW00013958;2025-04;;;;;;;;;;;
